nse_symbol,fyers_symbol,isin,name,fytoken,last_updated
20MICRONS,NSE:20MICRONS-EQ,INE144J01027,20 MICRONS LTD,101000000016921,2026-08-27
21STCENMGM,NSE:21STCENMGM-EQ,INE253B01015,21ST CENTURY MGMT SERVICE,10100000004,2026-08-27
360ONE,NSE:360ONE-EQ,INE466L01038,360 ONE WAM LIMITED,101000000013061,2026-08-27
3BBLACKBIO,NSE:3BBLACKBIO-EQ,INE994E01018,3B BLACKBIO DX LTD.,1010000000762518,2026-08-27
3MINDIA,NSE:3MINDIA-EQ,INE470A01017,3M INDIA LIMITED,1010000000474,2026-08-27
3PLAND,NSE:3PLAND-EQ,INE105C01023,3P LAND HOLDINGS LIMITED,10100000002595,2026-08-27
5PAISA,NSE:5PAISA-EQ,INE618L01018,5PAISA CAPITAL LIMITED,1010000000445,2026-08-27
63MOONS,NSE:63MOONS-EQ,INE111B01023,63 MOONS TECHNOLOGIES LTD,101000000011868,2026-08-27
A2ZINFRA,NSE:A2ZINFRA-EQ,INE619I01012,A2Z INFRA ENGINEERING LTD,101000000020906,2026-08-27
AAATECH,NSE:AAATECH-EQ,INE0D0U01013,AAA TECHNOLOGIES LIMITED,101000000012533,2026-08-27
AADHARHFC,NSE:AADHARHFC-EQ,INE883F01010,AADHAR HOUSING FINANCE L,101000000023729,2026-08-27
AAKASH,NSE:AAKASH-EQ,INE087Z01024,AAKASH EXPLORATION SER L,1010000000235,2026-08-27
AAREYDRUGS,NSE:AAREYDRUGS-EQ,INE198H01019,AAREY DRUGS & PHARM LTD,10100000005245,2026-08-27
AARON,NSE:AARON-EQ,INE721Z01010,AARON INDUSTRIES LIMITED,10100000001030,2026-08-27
AARTIDRUGS,NSE:AARTIDRUGS-EQ,INE767A01016,AARTI DRUGS LTD.,10100000004481,2026-08-27
AARTIIND,NSE:AARTIIND-EQ,INE769A01020,AARTI INDUSTRIES LTD,10100000007,2026-08-27
AARTIPHARM,NSE:AARTIPHARM-EQ,INE0LRU01027,AARTI PHARMALABS LIMITED,101000000013868,2026-08-27
AARVI,NSE:AARVI-EQ,INE754X01016,AARVI ENCON LIMITED,101000000019073,2026-08-27
AASTHA,NSE:AASTHA-EQ,INE2FMX01012,AASTHA SPINTEX LIMITED,1010000000763800,2026-08-27
AAVAS,NSE:AAVAS-EQ,INE216P01012,AAVAS FINANCIERS LIMITED,10100000005385,2026-08-27
ABANSENT,NSE:ABANSENT-EQ,INE365O01028,ABANS ENTERPRISES LTD.,1010000000762523,2026-08-27
ABB,NSE:ABB-EQ,INE117A01022,ABB INDIA LIMITED,101000000013,2026-08-27
ABBOTINDIA,NSE:ABBOTINDIA-EQ,INE358A01014,ABBOTT INDIA LIMITED,101000000017903,2026-08-27
ABCAPITAL,NSE:ABCAPITAL-EQ,INE674K01013,ADITYA BIRLA CAPITAL LTD.,101000000021614,2026-08-27
ABCOTS,NSE:ABCOTS-EQ,INE08PH01015,A B COTSPIN INDIA LIMITED,1010000000759130,2026-08-27
ABDL,NSE:ABDL-EQ,INE552Z01027,ALLIED BLEND N DISTILS L,101000000024308,2026-08-27
ABFRL,NSE:ABFRL-EQ,INE647O01011,ADITYA BIRLA FASHION & RT,101000000030108,2026-08-27
ABLBL,NSE:ABLBL-EQ,INE14LE01019,ADITYA BIRLA LIFES BRAN L,1010000000756843,2026-08-27
ABMKNO,NSE:ABMKNO-EQ,INE850B01026,A B M KNOWLEDGEWARE LTD.,1010000000762528,2026-08-27
ABREL,NSE:ABREL-EQ,INE055A01016,ADITYA BIRLA REAL EST LTD,1010000000625,2026-08-27
ABSLAMC,NSE:ABSLAMC-EQ,INE404A01024,ADIT BIRL SUN LIF AMC LTD,10100000006018,2026-08-27
ACC,NSE:ACC-EQ,INE012A01025,ACC LIMITED,101000000022,2026-08-27
ACCELYA,NSE:ACCELYA-EQ,INE793A01012,ACCELYA SOLN INDIA LTD,10100000007053,2026-08-27
ACE,NSE:ACE-EQ,INE731H01025,ACTION CONST EQUIP LTD,101000000013587,2026-08-27
ACEINTEG,NSE:ACEINTEG-EQ,INE543V01017,ACE INTEGRATED SOLU. LTD.,101000000011779,2026-08-27
ACGL,NSE:ACGL-EQ,INE451C01013,AUTOMOBILE CORPN OF GOA L,1010000000764558,2026-08-27
ACI,NSE:ACI-EQ,INE128X01021,ARCHEAN CHEMICAL IND LTD,101000000012024,2026-08-27
ACL,NSE:ACL-EQ,INE666E01020,ANDHRA CEMENTS LIMITED,101000000015420,2026-08-27
ACMESOLAR,NSE:ACMESOLAR-EQ,INE622W01025,ACME SOLAR HOLDINGS LTD,101000000027061,2026-08-27
ACUTAAS,NSE:ACUTAAS-EQ,INE00FF01025,ACUTAAS CHEMICALS LIMITED,10100000005578,2026-08-27
ADANIENSOL,NSE:ADANIENSOL-EQ,INE931S01010,ADANI ENERGY SOLUTION LTD,101000000010217,2026-08-27
ADANIENT,NSE:ADANIENT-EQ,INE423A01024,ADANI ENTERPRISES LIMITED,101000000025,2026-08-27
ADANIGREEN,NSE:ADANIGREEN-EQ,INE364U01010,ADANI GREEN ENERGY LTD,10100000003563,2026-08-27
ADANIPORTS,NSE:ADANIPORTS-EQ,INE742F01042,ADANI PORT & SEZ LTD,101000000015083,2026-08-27
ADANIPOWER,NSE:ADANIPOWER-EQ,INE814H01029,ADANI POWER LTD,101000000017388,2026-08-27
ADDIND,NSE:ADDIND-EQ,INE757C01021,ADDI INDUSTRIES LTD.,1010000000764563,2026-08-27
ADFFOODS,NSE:ADFFOODS-EQ,INE982B01027,ADF FOODS LIMITED,101000000019761,2026-08-27
ADL,NSE:ADL-EQ,INE0CHO01012,ARCHIDPLY DECOR LIMITED,1010000000245,2026-08-27
ADOR,NSE:ADOR-EQ,INE045A01017,ADOR WELDING LTD,101000000034,2026-08-27
ADROITINFO,NSE:ADROITINFO-EQ,INE737B01033,ADROIT INFOTECH LIMITED,10100000004953,2026-08-27
ADSL,NSE:ADSL-EQ,INE102I01027,ALLIED DIGITAL SERV. LTD,101000000014813,2026-08-27
ADVAIT,NSE:ADVAIT-EQ,INE0ALI01010,ADVAIT ENRGY TRANSITION L,1010000000760657,2026-08-27
ADVANCE,NSE:ADVANCE-EQ,INE1B0W01010,ADVANCE AGROLIFE LIMITED,1010000000759402,2026-08-27
ADVANIHOTR,NSE:ADVANIHOTR-EQ,INE199C01026,ADVANI HOT.& RES.(I) LTD,101000000014745,2026-08-27
ADVENTHTL,NSE:ADVENTHTL-EQ,INE28GN01010,ADVENT HOTELS INTERNATI L,1010000000759769,2026-08-27
ADVENZYMES,NSE:ADVENZYMES-EQ,INE837H01020,ADVANCED ENZYME TECH LTD,101000000018039,2026-08-27
ADVIKCA,NSE:ADVIKCA-EQ,INE178T01024,ADVIK CAPITAL LTD.,1010000000765015,2026-08-27
AEGISLOG,NSE:AEGISLOG-EQ,INE208C01025,AEGIS LOGISTICS LIMITED,101000000040,2026-08-27
AEGISVOPAK,NSE:AEGISVOPAK-EQ,INE0INX01018,AEGIS VOPAK TERMINALS LTD,1010000000757336,2026-08-27
AEPL,NSE:AEPL-EQ,INE757T01025,ARTEMIS ELECTRICALS & P L,1010000000761330,2026-08-27
AEQUS,NSE:AEQUS-EQ,INE947N01017,AEQUS LIMITED,1010000000760234,2026-08-27
AEROENTER,NSE:AEROENTER-EQ,INE065D01027,AEROFLEX ENTERPRISES LTD,101000000012015,2026-08-27
AEROFLEX,NSE:AEROFLEX-EQ,INE024001021,AEROFLEX INDUSTRIES LTD,101000000018268,2026-08-27
AERONEU,NSE:AERONEU-EQ,INE035801013,AEROFLEX NEU LIMITED,101000000013689,2026-08-27
AEROPLANE,NSE:AEROPLANE-EQ,INE05TO01019,AMIR CHAND JAG KUM (E) L,1010000000761670,2026-08-27
AETHER,NSE:AETHER-EQ,INE0BWX01014,AETHER INDUSTRIES LIMITED,10100000009810,2026-08-27
AFCONS,NSE:AFCONS-EQ,INE101I01011,AFCONS INFRASTRUCTURE LTD,101000000025977,2026-08-27
AFFLE,NSE:AFFLE-EQ,INE00WC01027,AFFLE 3I LIMITED,101000000011343,2026-08-27
AFIL,NSE:AFIL-EQ,INE916Y01027,AKME FINTRADE (INDIA) LTD,101000000024159,2026-08-27
AFSL,NSE:AFSL-EQ,INE00ZE01026,ABANS FINANCIAL SRVCS LTD,101000000013288,2026-08-27
AGARIND,NSE:AGARIND-EQ,INE204E01012,AGARWAL INDS CORP LTD.,10100000003389,2026-08-27
AGARWALEYE,NSE:AGARWALEYE-EQ,INE943P01029,DR AGARWALS HEALTH CARE L,101000000029452,2026-08-27
AGI,NSE:AGI-EQ,INE415A01038,AGI GREENPAC LIMITED,10100000001412,2026-08-27
AGIIL,NSE:AGIIL-EQ,INE976R01033,AGI INFRA LIMITED,101000000024445,2026-08-27
AGL,NSE:AGL-EQ,INE1YPB01014,ALLCARGO GLOBAL LIMITED,1010000000763784,2026-08-27
AGRITECH,NSE:AGRITECH-EQ,INE449G01018,AGRI-TECH (INDIA) LIMITED,101000000011072,2026-08-27
AGROPHOS,NSE:AGROPHOS-EQ,INE740V01019,AGRO PHOS INDIA LIMITED,10100000009046,2026-08-27
AHCL,NSE:AHCL-EQ,INE0Y8W01025,ANLON HEALTHCARE LIMITED,1010000000758968,2026-08-27
AHLADA,NSE:AHLADA-EQ,INE00PV01013,AHLADA ENGINEERS LIMITED,10100000002004,2026-08-27
AHLEAST,NSE:AHLEAST-EQ,INE926K01017,ASIAN HOTELS (EAST) LTD,101000000019438,2026-08-27
AHLUCONT,NSE:AHLUCONT-EQ,INE758C01029,AHLUWALIA CONT IND LTD,101000000017833,2026-08-27
AIAENG,NSE:AIAENG-EQ,INE212H01026,AIA ENGINEERING LIMITED,101000000013086,2026-08-27
AIIL,NSE:AIIL-EQ,INE206F01022,AUTHUM INVEST & INFRA LTD,101000000023553,2026-08-27
AIRAN,NSE:AIRAN-EQ,INE645W01026,AIRAN LIMITED,10100000009897,2026-08-27
AIROLAM,NSE:AIROLAM-EQ,INE801L01010,AIRO LAM LIMITED,10100000006068,2026-08-27
AJANTPHARM,NSE:AJANTPHARM-EQ,INE031B01049,AJANTA PHARMA LIMITED,10100000008124,2026-08-27
AJAXENGG,NSE:AJAXENGG-EQ,INE274Y01021,AJAX ENGINEERING LIMITED,101000000029624,2026-08-27
AJMERA,NSE:AJMERA-EQ,INE298G01035,AJMERA REALTY & INF I LTD,101000000017307,2026-08-27
AJOONI,NSE:AJOONI-EQ,INE820Y01021,AJOONI BIOTECH LIMITED,10100000003403,2026-08-27
AKASH,NSE:AKASH-EQ,INE737W01013,AKASH INFRA-PROJECTS LTD,101000000013510,2026-08-27
AKCAPIT,NSE:AKCAPIT-EQ,INE701G01012,A K CAPITAL SERVICES LTD.,1010000000762538,2026-08-27
AKG,NSE:AKG-EQ,INE00Y801016,AKG EXIM LIMITED,10100000002176,2026-08-27
AKI,NSE:AKI-EQ,INE642Z01026,AKI INDIA LIMITED,101000000014890,2026-08-27
AKSHAR,NSE:AKSHAR-EQ,INE256Z01025,AKSHAR SPINTEX LIMITED,10100000009558,2026-08-27
AKUMS,NSE:AKUMS-EQ,INE09XN01023,AKUMS DRUGS AND PHARMA L,101000000024715,2026-08-27
ALANKIT,NSE:ALANKIT-EQ,INE914E01040,ALANKIT LIMITED,10100000009921,2026-08-27
ALBERTDAVD,NSE:ALBERTDAVD-EQ,INE155C01010,ALBERT DAVID LIMITED,101000000017256,2026-08-27
ALEMBICLTD,NSE:ALEMBICLTD-EQ,INE426A01027,ALEMBIC LIMITED,101000000079,2026-08-27
ALFREDHE,NSE:ALFREDHE-EQ,INE782D01027,ALFRED HERBERT INDIA L,1010000000764573,2026-08-27
ALGOQUANT,NSE:ALGOQUANT-EQ,INE598D01035,ALGOQUANT FINTECH LIMITED,1010000000761270,2026-08-27
ALICON,NSE:ALICON-EQ,INE062D01024,ALICON CASTALLOY LIMITED,101000000013656,2026-08-27
ALIVUS,NSE:ALIVUS-EQ,INE03Q201024,ALIVUS LIFE SCIENCES LTD,10100000005265,2026-08-27
ALKEM,NSE:ALKEM-EQ,INE540L01014,ALKEM LABORATORIES LTD.,101000000011703,2026-08-27
ALKYLAMINE,NSE:ALKYLAMINE-EQ,INE150B01039,ALKYL AMINES CHEM. LTD,10100000004487,2026-08-27
ALLCARGO,NSE:ALLCARGO-EQ,INE418H01029,ALLCARGO LOGISTICS LTD,101000000013501,2026-08-27
ALLDIGI,NSE:ALLDIGI-EQ,INE835G01018,ALLDIGI TECH LIMITED,101000000011798,2026-08-27
ALLTIME,NSE:ALLTIME-EQ,INE0GV601021,ALL TIME PLASTICS LIMITED,1010000000758448,2026-08-27
ALMONDZ,NSE:ALMONDZ-EQ,INE326B01035,ALMONDZ GLOBAL SEC LTD,101000000016719,2026-08-27
ALOKINDS,NSE:ALOKINDS-EQ,INE270A01029,ALOK INDUSTRIES LIMITED,101000000017675,2026-08-27
ALPA,NSE:ALPA-EQ,INE385I01010,ALPA LABORATORIES LTD,101000000014848,2026-08-27
ALPINETEX,NSE:ALPINETEX-EQ,INE1JCQ01037,ALPINE TEXWORLD LIMITED,1010000000764186,2026-08-27
ALUFLUOR,NSE:ALUFLUOR-EQ,INE058F01019,ALUFLUORIDE LTD.,1010000000764578,2026-08-27
AMAGI,NSE:AMAGI-EQ,INE121R01077,AMAGI MEDIA LABS LIMITED,1010000000760740,2026-08-27
AMAL,NSE:AMAL-EQ,INE841D01013,AMAL LTD.,1010000000764583,2026-08-27
AMARJOTHI,NSE:AMARJOTHI-EQ,INE484D01012,AMARJOTHI SPINNING MILL L,1010000000764588,2026-08-27
AMBER,NSE:AMBER-EQ,INE371P01015,AMBER ENTERPRISES (I) LTD,10100000001185,2026-08-27
AMBICAAGAR,NSE:AMBICAAGAR-EQ,INE792B01012,AMBICA AGAR & AROMAINDLTD,101000000011496,2026-08-27
AMBIKCO,NSE:AMBIKCO-EQ,INE540G01014,AMBIKA COTTON MILL LTD.,101000000015234,2026-08-27
AMBUJACEM,NSE:AMBUJACEM-EQ,INE079A01024,AMBUJA CEMENTS LTD,10100000001270,2026-08-27
AMDIND,NSE:AMDIND-EQ,INE005I01014,AMD INDUSTRIES LIMITED,101000000014398,2026-08-27
AMJLAND,NSE:AMJLAND-EQ,INE606A01024,AMJ LAND HOLDINGS LIMITED,10100000002598,2026-08-27
AMNPLST,NSE:AMNPLST-EQ,INE275D01022,AMINES & PLASTICIZERS LTD,101000000019867,2026-08-27
AMRUTANJAN,NSE:AMRUTANJAN-EQ,INE098F01031,AMRUTAJAN HEALTH LTD,101000000017547,2026-08-27
ANANDRATHI,NSE:ANANDRATHI-EQ,INE463V01026,ANAND RATHI WEALTH LTD,10100000007145,2026-08-27
ANANTRAJ,NSE:ANANTRAJ-EQ,INE242C01024,ANANT RAJ LIMITED,101000000013620,2026-08-27
ANDHRAPAP,NSE:ANDHRAPAP-EQ,INE435A01051,ANDHRA PAPER LIMITED,1010000000166,2026-08-27
ANDHRSUGAR,NSE:ANDHRSUGAR-EQ,INE715B01021,ANDHRA SUGARS LTD,1010000000136,2026-08-27
ANDREWYU,NSE:ANDREWYU-EQ,INE449C01025,ANDREW YULE & CO. LTD.,10100000005206,2026-08-27
ANGELONE,NSE:ANGELONE-EQ,INE732I01021,ANGEL ONE LIMITED,1010000000324,2026-08-27
ANIKINDS,NSE:ANIKINDS-EQ,INE087B01017,ANIK INDUSTRIES LTD,101000000016657,2026-08-27
ANMOL,NSE:ANMOL-EQ,INE02AR01019,ANMOL INDIA LIMITED,10100000003727,2026-08-27
ANNAPURNA,NSE:ANNAPURNA-EQ,INE0MGM01017,ANNAPURNA SWADISHT LTD,1010000000764471,2026-08-27
ANSALBU,NSE:ANSALBU-EQ,INE030C01015,ANSAL BUILDWELL LTD.,1010000000765020,2026-08-27
ANTELOPUS,NSE:ANTELOPUS-EQ,INE818A01017,ANTELOPUS SELAN ENRGY LTD,101000000013598,2026-08-27
ANTGRAPHIC,NSE:ANTGRAPHIC-EQ,INE414B01021,ANTARCTICA LTD,10100000005194,2026-08-27
ANTHEM,NSE:ANTHEM-EQ,INE0CZ201020,ANTHEM BIOSCIENCES LTD,1010000000757885,2026-08-27
ANUHPHR,NSE:ANUHPHR-EQ,INE489G01022,ANUH PHARMA LIMITED,101000000028314,2026-08-27
ANUP,NSE:ANUP-EQ,INE294Z01018,THE ANUP ENGINEERING LTD,10100000009014,2026-08-27
ANURAS,NSE:ANURAS-EQ,INE930P01018,ANUPAM RASAYAN INDIA LTD,10100000002829,2026-08-27
APARINDS,NSE:APARINDS-EQ,INE372A01015,APAR INDUSTRIES LTD.,101000000011491,2026-08-27
APCL,NSE:APCL-EQ,INE071F01012,ANJANI PORTLAND CEM LTD,101000000020453,2026-08-27
APCOTEXIND,NSE:APCOTEXIND-EQ,INE116A01032,APCOTEX INDUSTRIES LIMITE,1010000000154,2026-08-27
APEX,NSE:APEX-EQ,INE346W01013,APEX FROZEN FOODS LIMITED,101000000021623,2026-08-27
APLAPOLLO,NSE:APLAPOLLO-EQ,INE702C01027,APL APOLLO TUBES LTD,101000000025780,2026-08-27
APLLTD,NSE:APLLTD-EQ,INE901L01018,ALEMBIC PHARMA LTD,101000000025328,2026-08-27
APOLLO,NSE:APOLLO-EQ,INE713T01028,APOLLO MICRO SYSTEMS LTD,10100000001134,2026-08-27
APOLLOHOSP,NSE:APOLLOHOSP-EQ,INE437A01024,APOLLO HOSPITALS ENTER. L,1010000000157,2026-08-27
APOLLOPIPE,NSE:APOLLOPIPE-EQ,INE126J01016,APOLLO PIPES LIMITED,101000000014361,2026-08-27
APOLLOTYRE,NSE:APOLLOTYRE-EQ,INE438A01022,APOLLO TYRES LTD,1010000000163,2026-08-27
APOLSINHOT,NSE:APOLSINHOT-EQ,INE451F01024,APOLLO SINDOORI HOTEL LTD,10100000006302,2026-08-27
APOORVA,NSE:APOORVA-EQ,INE217S01014,APOORVA LEAS F & INV C L,1010000000764593,2026-08-27
APTUS,NSE:APTUS-EQ,INE852O01025,APTUS VALUE HSG FIN I LTD,10100000005435,2026-08-27
AQYLON,NSE:AQYLON-EQ,INE416A01051,AQYLON NEXUS LIMITED,101000000023365,2026-08-27
ARCHIDPLY,NSE:ARCHIDPLY-EQ,INE877I01016,ARCHIDPLY IND. LTD,101000000016795,2026-08-27
ARCHIES,NSE:ARCHIES-EQ,INE731A01020,ARCHIES LTD,10100000005688,2026-08-27
ARCL,NSE:ARCL-EQ,INE372M01010,ARCL ORGANICS LTD.,1010000000764598,2026-08-27
ARDEE,NSE:ARDEE-EQ,INE0XNF01022,ARDEE INDUSTRIES LIMITED,1010000000764480,2026-08-27
ARE&M,NSE:ARE&M-EQ,INE885A01032,AMARA RAJA ENERGY MOB LTD,1010000000100,2026-08-27
ARENTERP,NSE:ARENTERP-EQ,INE610C01014,RAJDARSHAN INDUSTRIES LTD,1010000000181,2026-08-27
ARFIN,NSE:ARFIN-EQ,INE784R01023,ARFIN INDIA LIMITED,1010000000758700,2026-08-27
ARIES,NSE:ARIES-EQ,INE298I01015,ARIES AGRO LTD.,101000000015204,2026-08-27
ARIHANT,NSE:ARIHANT-EQ,INE413D01011,ARIHANT FOUN & HOU LTD,101000000013885,2026-08-27
ARIHANTCAP,NSE:ARIHANTCAP-EQ,INE420B01036,ARIHANT CAPITAL MKTS LTD,10100000003813,2026-08-27
ARIHANTSUP,NSE:ARIHANTSUP-EQ,INE643K01018,ARIHANT SUPERSTRUCT LTD,101000000020159,2026-08-27
ARIS,NSE:ARIS-EQ,INE0H9P01028,ARISINFRA SOLUTIONS LTD,1010000000757614,2026-08-27
ARKADE,NSE:ARKADE-EQ,INE0QRL01017,ARKADE DEVELOPERS LIMITED,101000000025398,2026-08-27
ARMANFIN,NSE:ARMANFIN-EQ,INE109C01017,ARMAN FIN SERV LTD,101000000017263,2026-08-27
AROGRANITE,NSE:AROGRANITE-EQ,INE210C01013,ARO GRANITE IND. LTD.,101000000014557,2026-08-27
ARSSBL,NSE:ARSSBL-EQ,INE549H01021,ANAND RATHI SH N STK BR L,1010000000759956,2026-08-27
ARTEMISMED,NSE:ARTEMISMED-EQ,INE025R01021,ARTEMIS MED SERVICE LTD,101000000016913,2026-08-27
ARTNIRMAN,NSE:ARTNIRMAN-EQ,INE738V01013,ART NIRMAN LIMITED,10100000006156,2026-08-27
ARVEE,NSE:ARVEE-EQ,INE006Z01016,ARVEE LABORATORIES I LTD,10100000002814,2026-08-27
ARVIND,NSE:ARVIND-EQ,INE034A01011,ARVIND LIMITED,1010000000193,2026-08-27
ARVINDFASN,NSE:ARVINDFASN-EQ,INE955V01021,ARVIND FASHIONS LIMITED,10100000009111,2026-08-27
ARVSMART,NSE:ARVSMART-EQ,INE034S01021,ARVIND SMARTSPACES LTD,101000000010457,2026-08-27
ARYAMAN,NSE:ARYAMAN-EQ,INE032E01017,ARYAMAN FINANCIAL SERV L,1010000000764603,2026-08-27
ASAHIINDIA,NSE:ASAHIINDIA-EQ,INE439A01020,ASAHI INDIA GLASS LIMITED,10100000005378,2026-08-27
ASAL,NSE:ASAL-EQ,INE900C01027,AUTOMOTIVE STAMPINGS & AS,101000000010634,2026-08-27
ASALCBR,NSE:ASALCBR-EQ,INE073G01016,ASSO ALCOHOLS & BREW LTD,101000000017598,2026-08-27
ASHAPURMIN,NSE:ASHAPURMIN-EQ,INE348A01023,ASHAPURA MINECHEM LTD,1010000000203,2026-08-27
ASHIANA,NSE:ASHIANA-EQ,INE365D01021,ASHIANA HOUSING LTD,101000000024403,2026-08-27
ASHIMASYN,NSE:ASHIMASYN-EQ,INE440A01010,ASHIMA LTD,1010000000206,2026-08-27
ASHOKA,NSE:ASHOKA-EQ,INE442H01029,ASHOKA BUILDCON LTD,101000000020182,2026-08-27
ASHOKAMET,NSE:ASHOKAMET-EQ,INE760Y01011,ASHOKA METCAST LIMITED,101000000016943,2026-08-27
ASHOKLEY,NSE:ASHOKLEY-EQ,INE208A01029,ASHOK LEYLAND LTD,1010000000212,2026-08-27
ASIANENE,NSE:ASIANENE-EQ,INE276G01015,ASIAN ENERGY SERVICES LTD,10100000007030,2026-08-27
ASIANHOTNR,NSE:ASIANHOTNR-EQ,INE363A01022,ASIAN HOTELS (NORTH) LTD,101000000018422,2026-08-27
ASIANPAINT,NSE:ASIANPAINT-EQ,INE021A01026,ASIAN PAINTS LIMITED,1010000000236,2026-08-27
ASIANTILES,NSE:ASIANTILES-EQ,INE022I01019,ASIAN GRANITO IND. LTD.,101000000014889,2026-08-27
ASIANTNE,NSE:ASIANTNE-EQ,INE822B01017,ASIAN TEA & EXPORTS LTD.,1010000000765025,2026-08-27
ASKAUTOLTD,NSE:ASKAUTOLTD-EQ,INE491J01022,ASK AUTOMOTIVE LIMITED,101000000020152,2026-08-27
ASPINWALL,NSE:ASPINWALL-EQ,INE991I01015,ASPINWALL & CO LTD,101000000017270,2026-08-27
ASSAMENT,NSE:ASSAMENT-EQ,INE165G01010,ASSAM ENTRADE LIMITED,1010000000765237,2026-08-27
ASTAR,NSE:ASTAR-EQ,INE194D01017,ASIAN STAR CO. LTD.,1010000000762553,2026-08-27
ASTEC,NSE:ASTEC-EQ,INE563J01010,ASTEC LIFESCIENCES LTD,101000000017728,2026-08-27
ASTERDM,NSE:ASTERDM-EQ,INE914M01019,ASTER DM QUALITY CARE LTD,10100000001508,2026-08-27
ASTRAL,NSE:ASTRAL-EQ,INE006I01046,ASTRAL LIMITED,101000000014418,2026-08-27
ASTRAMICRO,NSE:ASTRAMICRO-EQ,INE386C01029,ASTRA MICROWAVE LTD,101000000011618,2026-08-27
ASTRAZEN,NSE:ASTRAZEN-EQ,INE203A01020,ASTRAZENECA PHARMA IND LT,10100000005610,2026-08-27
ATALREAL,NSE:ATALREAL-EQ,INE0ALR01029,ATAL REALTECH LIMITED,101000000015649,2026-08-27
ATAM,NSE:ATAM-EQ,INE09KD01013,ATAM VALVES LIMITED,101000000015404,2026-08-27
ATGL,NSE:ATGL-EQ,INE399L01023,ADANI TOTAL GAS LIMITED,10100000006066,2026-08-27
ATHERENERG,NSE:ATHERENERG-EQ,INE0LEZ01016,ATHER ENERGY LIMITED,1010000000757645,2026-08-27
ATL,NSE:ATL-EQ,INE0NN701020,ALLCARGO TERMINALS LTD,101000000017778,2026-08-27
ATLANTAA,NSE:ATLANTAA-EQ,INE285H01022,ATLANTAA LIMITED,101000000013585,2026-08-27
ATLANTAELE,NSE:ATLANTAELE-EQ,INE0Z4F01028,ATLANTA ELECTRICALS LTD,1010000000759007,2026-08-27
ATLASCYCLE,NSE:ATLASCYCLE-EQ,INE446A01025,ATLAS CYCLE (HARYANA) LTD,10100000004568,2026-08-27
ATUL,NSE:ATUL-EQ,INE100A01010,ATUL LTD,1010000000263,2026-08-27
ATULAUTO,NSE:ATULAUTO-EQ,INE951D01028,ATUL AUTO LIMITED,101000000030023,2026-08-27
AUBANK,NSE:AUBANK-EQ,INE949L01017,AU SMALL FINANCE BANK LTD,101000000021238,2026-08-27
AURIONPRO,NSE:AURIONPRO-EQ,INE132H01018,AURIONPRO SOLN LTD,101000000012022,2026-08-27
AUROPHARMA,NSE:AUROPHARMA-EQ,INE406A01037,AUROBINDO PHARMA LTD,1010000000275,2026-08-27
AURUM,NSE:AURUM-EQ,INE898S01029,AURUM PROPTECH LIMITED,101000000010310,2026-08-27
AURUS,NSE:AURUS-EQ,INE142K01011,AURUS GEM CORP LIMITED,101000000031468,2026-08-27
AUSOMENT,NSE:AUSOMENT-EQ,INE218C01016,AUSOM ENTERPRISE LIMITED,10100000004037,2026-08-27
AUSTENG,NSE:AUSTENG-EQ,INE759F01012,AUSTIN ENGINEERING CO. L,1010000000764608,2026-08-27
AUTOAXLES,NSE:AUTOAXLES-EQ,INE449A01011,AUTOMOTIVE AXLES LIMITED,1010000000278,2026-08-27
AUTOIND,NSE:AUTOIND-EQ,INE718H01014,AUTOLINE INDUSTRIES LTD,101000000014106,2026-08-27
AVADHSUGAR,NSE:AVADHSUGAR-EQ,INE349W01017,AVADH SUG & ENERGY LTD,101000000021406,2026-08-27
AVALON,NSE:AVALON-EQ,INE0LCL01028,AVALON TECHNOLOGIES LTD,101000000015058,2026-08-27
AVANCE,NSE:AVANCE-EQ,INE758A01072,AVANCE TECHNOLOGIES LTD.,1010000000765030,2026-08-27
AVANTEL,NSE:AVANTEL-EQ,INE005B01027,AVANTEL LIMITED,101000000024610,2026-08-27
AVANTIFEED,NSE:AVANTIFEED-EQ,INE871C01038,AVANTI FEEDS LIMITED,10100000007936,2026-08-27
AVL,NSE:AVL-EQ,INE679V01027,ADITYA VISION LIMITED,101000000025984,2026-08-27
AVONMORE,NSE:AVONMORE-EQ,INE323B01024,AVONMORE CAP&MGT SERV LTD,101000000013557,2026-08-27
AVROIND,NSE:AVROIND-EQ,INE652Z01025,AVRO INDIA LIMITED,10100000008827,2026-08-27
AVTNPL,NSE:AVTNPL-EQ,INE488D01021,AVT NATURAL PRODUCTS LTD,101000000014008,2026-08-27
AWFIS,NSE:AWFIS-EQ,INE108V01019,AWFIS SPACE SOLUTIONS LTD,101000000023864,2026-08-27
AWHCL,NSE:AWHCL-EQ,INE01BK01022,ANTONY WASTE HDG CELL LTD,10100000001797,2026-08-27
AWL,NSE:AWL-EQ,INE699H01024,AWL AGRI BUSINESS LIMITED,10100000008110,2026-08-27
AXISBANK,NSE:AXISBANK-EQ,INE238A01034,AXIS BANK LIMITED,10100000005900,2026-08-27
AXISCADES,NSE:AXISCADES-EQ,INE555B01013,AXISCADES TECH LTD,10100000009436,2026-08-27
AXITA,NSE:AXITA-EQ,INE02EZ01022,AXITA COTTON LIMITED,10100000009902,2026-08-27
AXTEL,NSE:AXTEL-EQ,INE767C01012,AXTEL INDUSTRIES LTD.,1010000000764613,2026-08-27
AYE,NSE:AYE-EQ,INE501X01029,AYE FINANCE LIMITED,1010000000760981,2026-08-27
AYMSYNTEX,NSE:AYMSYNTEX-EQ,INE193B01039,AYM SYNTEX LIMITED,101000000010285,2026-08-27
AZAD,NSE:AZAD-EQ,INE02IJ01035,AZAD ENGINEERING LIMITED,101000000020905,2026-08-27
AZADIND,NSE:AZADIND-EQ,INE566M01017,AZAD INDIA MOBILITY LTD.,1010000000765035,2026-08-27
BAGFILMS,NSE:BAGFILMS-EQ,INE116D01028,B.A.G FILMS AND MEDIA LTD,101000000011226,2026-08-27
BAIDFIN,NSE:BAIDFIN-EQ,INE020D01022,BAID FINSERV LIMITED,101000000013794,2026-08-27
BAJAJ-AUTO,NSE:BAJAJ-AUTO-EQ,INE917I01010,BAJAJ AUTO LIMITED,101000000016669,2026-08-27
BAJAJCON,NSE:BAJAJCON-EQ,INE933K01021,BAJAJ CONSUMER CARE LTD,101000000019531,2026-08-27
BAJAJELEC,NSE:BAJAJELEC-EQ,INE193E01025,BAJAJ ELECT.LTD,101000000015034,2026-08-27
BAJAJFINSV,NSE:BAJAJFINSV-EQ,INE918I01026,BAJAJ FINSERV LTD.,101000000016675,2026-08-27
BAJAJHCARE,NSE:BAJAJHCARE-EQ,INE411U01027,BAJAJ HEALTHCARE LIMITED,10100000006863,2026-08-27
BAJAJHFL,NSE:BAJAJHFL-EQ,INE377Y01014,BAJAJ HOUSING FINANCE LTD,101000000025270,2026-08-27
BAJAJHIND,NSE:BAJAJHIND-EQ,INE306A01021,BAJAJ HINDUSTHAN SUGAR LT,1010000000308,2026-08-27
BAJAJHLDNG,NSE:BAJAJHLDNG-EQ,INE118A01012,BAJAJ HOLDINGS & INVS LTD,1010000000305,2026-08-27
BAJAJINDEF,NSE:BAJAJINDEF-EQ,INE0O9T01021,INDEF MANUFACTURING LTD,101000000029678,2026-08-27
BAJAJST,NSE:BAJAJST-EQ,INE704G01024,BAJAJ STEEL INDS. LTD.,1010000000762563,2026-08-27
BAJEL,NSE:BAJEL-EQ,INE0KQN01018,BAJEL PROJECTS LIMITED,101000000020531,2026-08-27
BAJFINANCE,NSE:BAJFINANCE-EQ,INE296A01032,BAJAJ FINANCE LIMITED,1010000000317,2026-08-27
BALAJEE,NSE:BALAJEE-EQ,INE0S2G01011,SHREE TIRUPATI BALAJEE L,101000000025203,2026-08-27
BALAJITELE,NSE:BALAJITELE-EQ,INE794B01026,BALAJI TELEFILMS LIMITED.,10100000009158,2026-08-27
BALAMINES,NSE:BALAMINES-EQ,INE050E01027,BALAJI AMINES LIMITED,101000000014501,2026-08-27
BALAXI,NSE:BALAXI-EQ,INE618N01022,BALAXI PHARMA LTD,101000000011309,2026-08-27
BALKRISHNA,NSE:BALKRISHNA-EQ,INE875R01011,BALKRISHNA PAPER MILLS L,101000000010181,2026-08-27
BALKRISIND,NSE:BALKRISIND-EQ,INE787D01026,BALKRISHNA IND. LTD,1010000000335,2026-08-27
BALMLAWRIE,NSE:BALMLAWRIE-EQ,INE164A01016,BALMER LAWRIE & CO LTD,1010000000338,2026-08-27
BALPHARMA,NSE:BALPHARMA-EQ,INE083D01012,BAL PHARMA LTD.,101000000013441,2026-08-27
BALRAMCHIN,NSE:BALRAMCHIN-EQ,INE119A01028,BALRAMPUR CHINI MILLS LTD,1010000000341,2026-08-27
BALUFORGE,NSE:BALUFORGE-EQ,INE011E01029,BALU FORGE INDUSTRIES LTD,101000000023607,2026-08-27
BANARBEADS,NSE:BANARBEADS-EQ,INE655B01011,BANARAS BEADS LTD,1010000000347,2026-08-27
BANARISUG,NSE:BANARISUG-EQ,INE459A01010,BANNARI AMMAN SUGARS LTD,1010000000350,2026-08-27
BANCOINDIA,NSE:BANCOINDIA-EQ,INE213C01025,BANCO PRODUCTS (I) LTD,101000000013880,2026-08-27
BANDHANBNK,NSE:BANDHANBNK-EQ,INE545U01014,BANDHAN BANK LIMITED,10100000002263,2026-08-27
BANG,NSE:BANG-EQ,INE863I01016,BANG OVERSEAS LTD.,101000000015303,2026-08-27
BANKA,NSE:BANKA-EQ,INE862Y01015,BANKA BIOLOO LIMITED,1010000000822,2026-08-27
BANKBARODA,NSE:BANKBARODA-EQ,INE028A01039,BANK OF BARODA,10100000004668,2026-08-27
BANKINDIA,NSE:BANKINDIA-EQ,INE084A01016,BANK OF INDIA,10100000004745,2026-08-27
BANSALWIRE,NSE:BANSALWIRE-EQ,INE0B9K01025,BANSAL WIRE INDUSTRIES L,101000000024386,2026-08-27
BANSWRAS,NSE:BANSWRAS-EQ,INE629D01020,BANSWARA SYNTEX LIMITED,101000000014511,2026-08-27
BASF,NSE:BASF-EQ,INE373A01013,BASF INDIA LTD,1010000000368,2026-08-27
BATAINDIA,NSE:BATAINDIA-EQ,INE176A01028,BATA INDIA LTD,1010000000371,2026-08-27
BATLIBOI,NSE:BATLIBOI-EQ,INE177C01022,BATLIBOI LTD.,1010000000762568,2026-08-27
BAYERCROP,NSE:BAYERCROP-EQ,INE462A01022,BAYER CROPSCIENCE LTD,101000000017927,2026-08-27
BBL,NSE:BBL-EQ,INE464A01036,BHARAT BIJLEE LTD,101000000013761,2026-08-27
BBOX,NSE:BBOX-EQ,INE676A01027,BLACK BOX LIMITED,10100000003435,2026-08-27
BBTC,NSE:BBTC-EQ,INE050A01025,BOMBAY BURMAH TRADING COR,1010000000380,2026-08-27
BBTCL,NSE:BBTCL-EQ,INE01EE01011,B&B TRIPLEWALL CONT LTD,101000000012153,2026-08-27
BCG,NSE:BCG-EQ,INE425B01027,BRIGHTCOM GROUP LIMITED,10100000008833,2026-08-27
BCLIND,NSE:BCLIND-EQ,INE412G01024,BCL INDUSTRIES LIMITED,10100000002513,2026-08-27
BCONCEPTS,NSE:BCONCEPTS-EQ,INE977Y01011,BRAND CONCEPTS LIMITED,10100000007780,2026-08-27
BCPL,NSE:BCPL-EQ,INE00SW01015,BCPL RAILWAY INFRA LTD,1010000000761494,2026-08-27
BDL,NSE:BDL-EQ,INE171Z01026,BHARAT DYNAMICS LIMITED,10100000002144,2026-08-27
BEARDSELL,NSE:BEARDSELL-EQ,INE520H01022,BEARDSELL LIMITED,101000000017933,2026-08-27
BECTORFOOD,NSE:BECTORFOOD-EQ,INE495P01020,MRS BECTORS FOOD SPE LTD,10100000001628,2026-08-27
BEDMUTHA,NSE:BEDMUTHA-EQ,INE844K01012,BEDMUTHA INDUST LTD,101000000020196,2026-08-27
BEEKAY,NSE:BEEKAY-EQ,INE213D01015,BEEKAY STEEL INDS. LTD.,1010000000762573,2026-08-27
BEL,NSE:BEL-EQ,INE263A01024,BHARAT ELECTRONICS LTD,1010000000383,2026-08-27
BELLACASA,NSE:BELLACASA-EQ,INE344T01014,BELLA CASA FASH AND RET L,1010000000757938,2026-08-27
BELRISE,NSE:BELRISE-EQ,INE894V01022,BELRISE INDUSTRIES LTD,1010000000757102,2026-08-27
BEML,NSE:BEML-EQ,INE258A01024,BEML LIMITED,1010000000395,2026-08-27
BENARAS,NSE:BENARAS-EQ,INE664D01019,BENARES HOTELS LTD.,1010000000764618,2026-08-27
BENGALASM,NSE:BENGALASM-EQ,INE083K01017,BENGAL & ASSAM CO. LTD.,1010000000762578,2026-08-27
BEPL,NSE:BEPL-EQ,INE922A01025,BHANSALI ENG. POLYMERS LT,1010000000419,2026-08-27
BERGEPAINT,NSE:BERGEPAINT-EQ,INE463A01038,BERGER PAINTS (I) LTD,1010000000404,2026-08-27
BESTAGRO,NSE:BESTAGRO-EQ,INE052T01021,BEST AGROLIFE LIMITED,10100000002306,2026-08-27
BETA,NSE:BETA-EQ,INE351Y01019,BETA DRUGS LIMITED,1010000000759842,2026-08-27
BFINVEST,NSE:BFINVEST-EQ,INE878K01010,BF INVESTMENT LIMITED,101000000021113,2026-08-27
BFUTILITIE,NSE:BFUTILITIE-EQ,INE243D01012,BF UTILITIES LIMITED,101000000014567,2026-08-27
BHAGCHEM,NSE:BHAGCHEM-EQ,INE414D01027,BHAGIRADHA CHEM & INDS L,10100000006164,2026-08-27
BHAGYANGR,NSE:BHAGYANGR-EQ,INE458B01036,BHAGYANAGAR INDIA LIMITED,101000000020776,2026-08-27
BHANDARI,NSE:BHANDARI-EQ,INE474E01029,BHANDARI HOSIERY EXP LTD,101000000019556,2026-08-27
BHARATCOAL,NSE:BHARATCOAL-EQ,INE05XR01022,BHARAT COKING COAL LTD,1010000000760726,2026-08-27
BHARATFORG,NSE:BHARATFORG-EQ,INE465A01025,BHARAT FORGE LTD,1010000000422,2026-08-27
BHARATRAS,NSE:BHARATRAS-EQ,INE838B01021,BHARAT RASAYAN LTD,10100000003834,2026-08-27
BHARATSE,NSE:BHARATSE-EQ,INE415D01024,BHARAT SEATS LIMITED,101000000030244,2026-08-27
BHARATWIRE,NSE:BHARATWIRE-EQ,INE316L01019,BHARAT WIRE ROPES LTD.,101000000016123,2026-08-27
BHARTIARTL,NSE:BHARTIARTL-EQ,INE397D01024,BHARTI AIRTEL LIMITED,101000000010604,2026-08-27
BHARTIHEXA,NSE:BHARTIHEXA-EQ,INE343G01021,BHARTI HEXACOM LIMITED,101000000023489,2026-08-27
BHEL,NSE:BHEL-EQ,INE257A01026,BHEL,1010000000438,2026-08-27
BIGBLOC,NSE:BIGBLOC-EQ,INE412U01025,BIGBLOC CONSTRUCTION LTD,101000000018431,2026-08-27
BIKAJI,NSE:BIKAJI-EQ,INE00E101023,BIKAJI FOODS INTERN LTD,101000000011966,2026-08-27
BIL,NSE:BIL-EQ,INE828A01016,BHARTIYA INTERNATIONAL,10100000007848,2026-08-27
BIMETAL,NSE:BIMETAL-EQ,INE469A01019,BIMETAL BEARINGS LTD.,1010000000762588,2026-08-27
BIOCON,NSE:BIOCON-EQ,INE376G01013,BIOCON LIMITED.,101000000011373,2026-08-27
BIOFILCHEM,NSE:BIOFILCHEM-EQ,INE829A01014,BIOFIL CHEM & PHARMA LTD,10100000004136,2026-08-27
BIRLACORPN,NSE:BIRLACORPN-EQ,INE340A01012,BIRLA CORPORATION LTD,1010000000480,2026-08-27
BIRLAMONEY,NSE:BIRLAMONEY-EQ,INE865C01022,ADITYA BIRLA MONEY LTD,101000000015239,2026-08-27
BIRLANU,NSE:BIRLANU-EQ,INE557A01011,BIRLANU LIMITED,10100000001455,2026-08-27
BIRLAPREC,NSE:BIRLAPREC-EQ,INE372E01025,BIRLA PRECISION TECH L,1010000000762593,2026-08-27
BLACKBUCK,NSE:BLACKBUCK-EQ,INE0UIZ01018,BLACKBUCK LIMITED,101000000027144,2026-08-27
BLAL,NSE:BLAL-EQ,INE0N7W01012,BEML LAND ASSETS LIMITED,101000000015067,2026-08-27
BLBLIMITED,NSE:BLBLIMITED-EQ,INE791A01024,BLB LIMITED,10100000008132,2026-08-27
BLEL,NSE:BLEL-EQ,INE1EEM01017,BEHARI LAL ENGINEERING L,1010000000765291,2026-08-27
BLIL,NSE:BLIL-EQ,INE525F01025,BALMER LAWRIE INVSTS. L,1010000000762603,2026-08-27
BLKASHYAP,NSE:BLKASHYAP-EQ,INE350H01032,B.L.KASHYAP & SON LTD,101000000013290,2026-08-27
BLS,NSE:BLS-EQ,INE153T01027,BLS INTL SERVS LTD,101000000017279,2026-08-27
BLSE,NSE:BLSE-EQ,INE0NLT01010,BLS E-SERVICES LIMITED,101000000022566,2026-08-27
BLUECHIP,NSE:BLUECHIP-EQ,INE657B01025,BLUE CHIP INDIA LIMITED,10100000004681,2026-08-27
BLUECLOUDS,NSE:BLUECLOUDS-EQ,INE373T01047,BLUE CLOUD SOFTECH SOLU L,1010000000765040,2026-08-27
BLUEDART,NSE:BLUEDART-EQ,INE233B01017,BLUE DART EXPRESS LTD,1010000000495,2026-08-27
BLUEJET,NSE:BLUEJET-EQ,INE0KBH01020,BLUE JET HEALTHCARE LTD,101000000019686,2026-08-27
BLUESTARCO,NSE:BLUESTARCO-EQ,INE472A01039,BLUE STAR LIMITED,10100000008311,2026-08-27
BLUESTONE,NSE:BLUESTONE-EQ,INE304W01038,BLUESTONE JEWEL LFSTL LTD,1010000000759291,2026-08-27
BLUSPRING,NSE:BLUSPRING-EQ,INE0U4101014,BLUSPRING ENTERPRISES LTD,1010000000757520,2026-08-27
BMWVENTLTD,NSE:BMWVENTLTD-EQ,INE965W01036,BMW VENTURES LIMITED,1010000000759256,2026-08-27
BNAGROCHEM,NSE:BNAGROCHEM-EQ,INE00HZ01011,BN AGROCHEM LTD.,1010000000762608,2026-08-27
BOHRAIND,NSE:BOHRAIND-EQ,INE802W01023,BOHRA INDUSTRIES LIMITED,101000000011640,2026-08-27
BOMDYEING,NSE:BOMDYEING-EQ,INE032A01023,BOMBAY DYEING & MFG. CO L,1010000000513,2026-08-27
BONLON,NSE:BONLON-EQ,INE0B9A01018,BONLON INDUSTRIES LIMITED,1010000000761056,2026-08-27
BORANA,NSE:BORANA-EQ,INE16SF01016,BORANA WEAVES LIMITED,1010000000757919,2026-08-27
BOROLTD,NSE:BOROLTD-EQ,INE02PY01013,BOROSIL LIMITED,101000000019401,2026-08-27
BORORENEW,NSE:BORORENEW-EQ,INE666D01022,BOROSIL RENEWABLES LTD,10100000003149,2026-08-27
BOROSCI,NSE:BOROSCI-EQ,INE02L001032,BOROSIL SCIENTIFIC LTD,101000000024014,2026-08-27
BOSCH-HCIL,NSE:BOSCH-HCIL-EQ,INE782A01015,BOSCH HOME COMFRT IND LTD,10100000004491,2026-08-27
BOSCHLTD,NSE:BOSCHLTD-EQ,INE323A01026,BOSCH LIMITED,10100000002181,2026-08-27
BPCL,NSE:BPCL-EQ,INE029A01011,BHARAT PETROLEUM CORP  LT,1010000000526,2026-08-27
BPL,NSE:BPL-EQ,INE110A01019,BPL LTD,1010000000530,2026-08-27
BPLPHARMA,NSE:BPLPHARMA-EQ,INE365Y01019,BHARAT PARENTERALS LTD.,1010000000764623,2026-08-27
BRAHMINFRA,NSE:BRAHMINFRA-EQ,INE320I01017,BRAHMAPUTRA INFRA L,1010000000764628,2026-08-27
BRIGADE,NSE:BRIGADE-EQ,INE791I01019,BRIGADE ENTER. LTD,101000000015184,2026-08-27
BRIGHOTEL,NSE:BRIGHOTEL-EQ,INE03NU01014,BRIGADE HOTEL VENTURE LTD,1010000000757794,2026-08-27
BRIGHTBR,NSE:BRIGHTBR-EQ,INE630D01010,BRIGHT BROTHERS LTD.,1010000000764633,2026-08-27
BRITANNIA,NSE:BRITANNIA-EQ,INE216A01030,BRITANNIA INDUSTRIES LTD,1010000000547,2026-08-27
BRNL,NSE:BRNL-EQ,INE727S01012,BHARAT ROAD NETWORK LTD,101000000021683,2026-08-27
BSE,NSE:BSE-EQ,INE118H01025,BSE LIMITED,101000000019585,2026-08-27
BSHSL,NSE:BSHSL-EQ,INE032Z01020,BOMBAY SUPER HYBRID SEEDS,1010000000809,2026-08-27
BSL,NSE:BSL-EQ,INE594B01012,BSL LTD,1010000000559,2026-08-27
BSOFT,NSE:BSOFT-EQ,INE836A01035,BIRLASOFT LIMITED,10100000006994,2026-08-27
BTML,NSE:BTML-EQ,INE0EEJ01023,BODHI TREE MULTIMEDIA LTD,101000000014150,2026-08-27
BUILDPRO,NSE:BUILDPRO-EQ,INE24OJ01011,SHANKARA BUILDPRO LIMITED,1010000000760594,2026-08-27
BURNPUR,NSE:BURNPUR-EQ,INE817H01022,BURNPUR CEMENT LIMITED,101000000015194,2026-08-27
BUTTERFLY,NSE:BUTTERFLY-EQ,INE295F01017,BTRFLY GANDHI APPL LTD,10100000002716,2026-08-27
BVCL,NSE:BVCL-EQ,INE139I01011,BARAK VALLEY CEM. LTD.,101000000015073,2026-08-27
CALSOFT,NSE:CALSOFT-EQ,INE526B01014,CALIFORNIA SOFTWARE CO LT,10100000008341,2026-08-27
CAMLINFINE,NSE:CAMLINFINE-EQ,INE052I01032,CAMLIN FINE SCIENCES LTD,10100000006216,2026-08-27
CAMPUS,NSE:CAMPUS-EQ,INE278Y01022,CAMPUS ACTIVEWEAR LIMITED,10100000009362,2026-08-27
CAMS,NSE:CAMS-EQ,INE596I01020,COMPUTER AGE MNGT SER LTD,1010000000342,2026-08-27
CANBK,NSE:CANBK-EQ,INE476A01022,CANARA BANK,101000000010794,2026-08-27
CANFINHOME,NSE:CANFINHOME-EQ,INE477A01020,CAN FIN HOMES LTD,1010000000583,2026-08-27
CANHLIFE,NSE:CANHLIFE-EQ,INE01TY01017,CANARA HSBC LIFE INS CO L,1010000000759477,2026-08-27
CANTABIL,NSE:CANTABIL-EQ,INE068L01024,CANTABIL RETAIL LTD,101000000020160,2026-08-27
CAPACITE,NSE:CAPACITE-EQ,INE264T01014,CAPACITE INFRAPROJECT LTD,101000000021749,2026-08-27
CAPILLARY,NSE:CAPILLARY-EQ,INE0ILV01024,CAPILLARY TECHNO INDIA L,1010000000759867,2026-08-27
CAPITALSFB,NSE:CAPITALSFB-EQ,INE646H01017,CAPITAL SMALL FIN BANK L,101000000022675,2026-08-27
CAPLIPOINT,NSE:CAPLIPOINT-EQ,INE475E01026,CAPLIN POINT LAB LTD.,10100000003906,2026-08-27
CARBORUNIV,NSE:CARBORUNIV-EQ,INE120A01034,CARBORUNDUM UNIVERSAL LTD,1010000000595,2026-08-27
CARERATING,NSE:CARERATING-EQ,INE752H01013,CARE RATINGS LIMITED,101000000029113,2026-08-27
CARRARO,NSE:CARRARO-EQ,INE0V7W01012,CARRARO INDIA LIMITED,101000000028879,2026-08-27
CARTRADE,NSE:CARTRADE-EQ,INE290S01011,CARTRADE TECH LIMITED,10100000005407,2026-08-27
CARYSIL,NSE:CARYSIL-EQ,INE482D01024,CARYSIL LIMITED,10100000001879,2026-08-27
CASTROLIND,NSE:CASTROLIND-EQ,INE172A01027,CASTROL INDIA LIMITED,10100000001250,2026-08-27
CCAVENUE,NSE:CCAVENUE-EQ,INE483S01020,AVENUESAI LIMITED,101000000016249,2026-08-27
CCCL,NSE:CCCL-EQ,INE429I01024,CONS. CONST. CONSORT LTD,101000000014992,2026-08-27
CCHHL,NSE:CCHHL-EQ,INE652F01027,COUNTRY CLUB HOSP HOL LTD,10100000006385,2026-08-27
CCL,NSE:CCL-EQ,INE421D01022,CCL PRODUCTS (I) LTD,101000000011452,2026-08-27
CDSL,NSE:CDSL-EQ,INE736A01011,CENTRAL DEPO SER (I) LTD,101000000021174,2026-08-27
CEATLTD,NSE:CEATLTD-EQ,INE482A01020,CEAT LIMITED,101000000015254,2026-08-27
CEIGALL,NSE:CEIGALL-EQ,INE0AG901020,CEIGALL INDIA LIMITED,101000000024742,2026-08-27
CEINSYS,NSE:CEINSYS-EQ,INE016Q01014,CEINSYS TECH LIMITED,1010000000761037,2026-08-27
CELEBRITY,NSE:CELEBRITY-EQ,INE185H01016,CELEBRITY FASHIONS LTD,101000000013162,2026-08-27
CELLO,NSE:CELLO-EQ,INE0LMW01024,CELLO WORLD LIMITED,101000000019795,2026-08-27
CEMPRO,NSE:CEMPRO-EQ,INE686A01026,CEMINDIA PROJECTS LIMITED,10100000005622,2026-08-27
CENTENKA,NSE:CENTENKA-EQ,INE485A01015,CENTURY ENKA LTD,1010000000619,2026-08-27
CENTEXT,NSE:CENTEXT-EQ,INE281A01026,CENTURY EXTRUSIONS LTD,101000000011511,2026-08-27
CENTRALBK,NSE:CENTRALBK-EQ,INE483A01010,CENTRAL BANK OF INDIA,101000000014894,2026-08-27
CENTRUM,NSE:CENTRUM-EQ,INE660C01027,CENTRUM CAPITAL LIMITED,10100000002454,2026-08-27
CENTUM,NSE:CENTUM-EQ,INE320B01020,CENTUM ELECTRONICS LTD,101000000014982,2026-08-27
CENTURYPLY,NSE:CENTURYPLY-EQ,INE348B01021,CENTURY PLYBOARDS (I) LTD,101000000013305,2026-08-27
CERA,NSE:CERA-EQ,INE739E01017,CERA SANITARYWARE LTD,101000000015039,2026-08-27
CESC,NSE:CESC-EQ,INE486A01021,CESC LTD,1010000000628,2026-08-27
CEWATER,NSE:CEWATER-EQ,INE037Z01029,CONCORD ENVIRO SYSTEMS L,101000000028764,2026-08-27
CFEL,NSE:CFEL-EQ,INE700F01024,CONFIDENCE FUTURIST ENE L,1010000000764638,2026-08-27
CGCL,NSE:CGCL-EQ,INE180C01042,CAPRI GLOBAL CAPITAL LTD,101000000020329,2026-08-27
CGPOWER,NSE:CGPOWER-EQ,INE067A01029,CG POWER AND IND SOL LTD,1010000000760,2026-08-27
CGVAK,NSE:CGVAK-EQ,INE084D01010,C G V A K SOFTWARE & EX L,1010000000764643,2026-08-27
CHALET,NSE:CHALET-EQ,INE427F01016,CHALET HOTELS LIMITED,10100000008546,2026-08-27
CHAMBLFERT,NSE:CHAMBLFERT-EQ,INE085A01013,CHAMBAL FERTILIZERS LTD,1010000000637,2026-08-27
CHEMBOND,NSE:CHEMBOND-EQ,INE995D01025,CHEMBOND MATERIALTECH LTD,101000000014618,2026-08-27
CHEMCRUX,NSE:CHEMCRUX-EQ,INE298W01016,CHEMCRUX ENTERPRISES LTD.,1010000000765045,2026-08-27
CHEMFAB,NSE:CHEMFAB-EQ,INE783X01023,CHEMFAB ALKALIS LIMITED,10100000002799,2026-08-27
CHEMPLASTS,NSE:CHEMPLASTS-EQ,INE488A01050,CHEMPLAST SANMAR LIMITED,10100000005449,2026-08-27
CHENNPETRO,NSE:CHENNPETRO-EQ,INE178A01016,CHENNAI PETROLEUM CORP LT,10100000002049,2026-08-27
CHEVIOT,NSE:CHEVIOT-EQ,INE974B01016,CHEVIOT COMPANY LIMITED,10100000009879,2026-08-27
CHOICEIN,NSE:CHOICEIN-EQ,INE102B01014,CHOICE INTERNATIONAL LTD,10100000008866,2026-08-27
CHOLAFIN,NSE:CHOLAFIN-EQ,INE121A01024,CHOLAMANDALAM IN & FIN CO,1010000000685,2026-08-27
CHOLAHLDNG,NSE:CHOLAHLDNG-EQ,INE149A01033,CHOLAMANDALAM FIN HOL LTD,101000000021740,2026-08-27
CIEINDIA,NSE:CIEINDIA-EQ,INE536H01010,CIE AUTOMOTIVE INDIA LTD,101000000014937,2026-08-27
CIFL,NSE:CIFL-EQ,INE345H01024,CAPITAL INDIA FINANCE LTD,1010000000756015,2026-08-27
CINELINE,NSE:CINELINE-EQ,INE704H01022,CINELINE INDIA LIMITED,101000000027161,2026-08-27
CINEVISTA,NSE:CINEVISTA-EQ,INE039B01026,CINEVISTA LIMITED,10100000008024,2026-08-27
CIPLA,NSE:CIPLA-EQ,INE059A01026,CIPLA LTD,1010000000694,2026-08-27
CLEAN,NSE:CLEAN-EQ,INE227W01023,CLEAN SCIENCE & TECH LTD,10100000005049,2026-08-27
CLEANMAX,NSE:CLEANMAX-EQ,INE647U01026,CLEAN MAX ENVIRO EN SOL L,1010000000760183,2026-08-27
CLSEL,NSE:CLSEL-EQ,INE419D01026,CHAMAN LAL SETIA EXP LTD,10100000003482,2026-08-27
CMLL,NSE:CMLL-EQ,INE11XY01018,CALIBER MINING AND LOG L,1010000000764255,2026-08-27
CMPDI,NSE:CMPDI-EQ,INE05HV01027,CENTRAL MINE P N D INST L,1010000000761581,2026-08-27
CMRGREEN,NSE:CMRGREEN-EQ,INE00WV01027,CMR GREEN TECHNOLOGIES L,101000000030893,2026-08-27
CMSINFO,NSE:CMSINFO-EQ,INE925R01014,CMS INFO SYSTEMS LIMITED,10100000007603,2026-08-27
CNL,NSE:CNL-EQ,INE985W01018,CREATIVE NEWTECH LIMITED,101000000011155,2026-08-27
COALINDIA,NSE:COALINDIA-EQ,INE522F01014,COAL INDIA LTD,101000000020374,2026-08-27
COASTCORP,NSE:COASTCORP-EQ,INE377E01024,COASTAL CORPORATION LTD,10100000006006,2026-08-27
COCHINSHIP,NSE:COCHINSHIP-EQ,INE704P01025,COCHIN SHIPYARD LIMITED,101000000021508,2026-08-27
COCKERILL,NSE:COCKERILL-EQ,INE515A01019,JOHN COCKERILL INDIA LTD.,1010000000762623,2026-08-27
COFORGE,NSE:COFORGE-EQ,INE591G01025,COFORGE LIMITED,101000000011543,2026-08-27
COHANCE,NSE:COHANCE-EQ,INE03QK01018,COHANCE LIFESCIENCES LTD,101000000017945,2026-08-27
COLPAL,NSE:COLPAL-EQ,INE259A01022,COLGATE PALMOLIVE LTD.,101000000015141,2026-08-27
COMFINTE,NSE:COMFINTE-EQ,INE819A01049,COMFORT INTECH LTD.,1010000000762628,2026-08-27
COMPEAU,NSE:COMPEAU-EQ,INE823B01015,COMPETENT AUTOMOB CO. L,1010000000764648,2026-08-27
COMPUSOFT,NSE:COMPUSOFT-EQ,INE453B01029,COMPUCOM SOFTWARE LTD,101000000031138,2026-08-27
COMSYN,NSE:COMSYN-EQ,INE073V01015,COMMERCIAL SYN BAGS LTD,101000000021578,2026-08-27
CONCOR,NSE:CONCOR-EQ,INE111A01025,CONTAINER CORP OF IND LTD,10100000004749,2026-08-27
CONCORDBIO,NSE:CONCORDBIO-EQ,INE338H01029,CONCORD BIOTECH LIMITED,101000000018060,2026-08-27
CONFIPET,NSE:CONFIPET-EQ,INE552D01024,CONFIDENCE PETRO IND LTD.,101000000010238,2026-08-27
CONTROLPR,NSE:CONTROLPR-EQ,INE663B01015,CONTROL PRINT LIMITED,101000000017477,2026-08-27
CORALFINAC,NSE:CORALFINAC-EQ,INE558D01021,CORAL INDIA FIN & HOUS LT,10100000004007,2026-08-27
CORDELIA,NSE:CORDELIA-EQ,INE0LZF01039,WATERWAYS LEISURE TOUR L,1010000000762163,2026-08-27
COROMANDEL,NSE:COROMANDEL-EQ,INE169A01031,COROMANDEL INTERNTL. LTD,1010000000739,2026-08-27
CORONA,NSE:CORONA-EQ,INE02ZQ01018,CORONA REMEDIES LIMITED,1010000000760254,2026-08-27
COSMOFIRST,NSE:COSMOFIRST-EQ,INE757A01017,COSMO FIRST LIMITED,1010000000742,2026-08-27
CPCAP,NSE:CPCAP-EQ,INE521J01018,CP CAPITAL LIMITED,101000000020086,2026-08-27
CPEDU,NSE:CPEDU-EQ,INE0P6P01016,CAREER POINT EDUTECH LTD,1010000000758941,2026-08-27
CPL,NSE:CPL-EQ,INE536P01021,CAPTAIN POLYPLAST LIMITED,1010000000764203,2026-08-27
CPPLUS,NSE:CPPLUS-EQ,INE819V01029,ADITYA INFOTECH LIMITED,1010000000758858,2026-08-27
CRAFTSMAN,NSE:CRAFTSMAN-EQ,INE00LO01017,CRAFTSMAN AUTOMATION LTD,10100000002854,2026-08-27
CRAMC,NSE:CRAMC-EQ,INE218I01013,CANARA ROBECO AMC LIMITED,1010000000759311,2026-08-27
CRAVATEX,NSE:CRAVATEX-EQ,INE145E01017,CRAVATEX LTD.,1010000000764653,2026-08-27
CREATIVEYE,NSE:CREATIVEYE-EQ,INE230B01021,CREATIVE EYE LIMITED,10100000009384,2026-08-27
CREDITACC,NSE:CREDITACC-EQ,INE741K01010,CREDITACCESS GRAMEEN LTD,10100000004421,2026-08-27
CREST,NSE:CREST-EQ,INE559D01011,CREST VENTURES LIMITED,101000000013900,2026-08-27
CRISIL,NSE:CRISIL-EQ,INE007A01025,CRISIL LTD,1010000000757,2026-08-27
CRIZAC,NSE:CRIZAC-EQ,INE0S4R01014,CRIZAC LIMITED,1010000000757850,2026-08-27
CROMPTON,NSE:CROMPTON-EQ,INE299U01018,CROMPT GREA CON ELEC LTD,101000000017094,2026-08-27
CROWN,NSE:CROWN-EQ,INE491V01019,CROWN LIFTERS LIMITED,10100000008083,2026-08-27
CSBBANK,NSE:CSBBANK-EQ,INE679A01013,CSB BANK LIMITED,101000000014966,2026-08-27
CSLFINANCE,NSE:CSLFINANCE-EQ,INE718F01018,CSL FINANCE LIMITED,101000000010350,2026-08-27
CSM,NSE:CSM-EQ,INE0ZK601013,CSM TECHNOLOGIES LIMITED,1010000000763753,2026-08-27
CUB,NSE:CUB-EQ,INE491A01021,CITY UNION BANK LTD,10100000005701,2026-08-27
CUBEXTUB,NSE:CUBEXTUB-EQ,INE144D01012,CUBEX TUBINGS LTD,10100000004064,2026-08-27
CUMMINSIND,NSE:CUMMINSIND-EQ,INE298A01020,CUMMINS INDIA LTD,10100000001901,2026-08-27
CUPID,NSE:CUPID-EQ,INE509F01029,CUPID LIMITED,101000000018520,2026-08-27
CURAA,NSE:CURAA-EQ,INE117B01020,CURA TECHNOLOGIES LIMITED,101000000030189,2026-08-27
CYBERMEDIA,NSE:CYBERMEDIA-EQ,INE278G01037,CYBER MEDIA (INDIA) LTD.,101000000011842,2026-08-27
CYIENT,NSE:CYIENT-EQ,INE136B01020,CYIENT LIMITED,10100000005748,2026-08-27
CYIENTDLM,NSE:CYIENTDLM-EQ,INE055S01018,CYIENT DLM LIMITED,101000000017187,2026-08-27
DABUR,NSE:DABUR-EQ,INE016A01026,DABUR INDIA LTD,1010000000772,2026-08-27
DAICHI,NSE:DAICHI-EQ,INE928C01010,DAI-ICHI KARKARIA LTD.,1010000000762633,2026-08-27
DALBHARAT,NSE:DALBHARAT-EQ,INE00R701025,DALMIA BHARAT LIMITED,10100000008075,2026-08-27
DALMIASUG,NSE:DALMIASUG-EQ,INE495A01022,DALMIA BHARAT SUG IN LTD,1010000000781,2026-08-27
DAMCAPITAL,NSE:DAMCAPITAL-EQ,INE284H01025,DAM CAPITAL ADVISORS LTD,101000000028662,2026-08-27
DANGEE,NSE:DANGEE-EQ,INE688Y01022,DANGEE DUMS LIMITED,10100000001110,2026-08-27
DATAMATICS,NSE:DATAMATICS-EQ,INE365B01017,DATAMATICS GLOBAL SER LTD,101000000011423,2026-08-27
DATAPATTNS,NSE:DATAPATTNS-EQ,INE0IX101010,DATA PATTERNS INDIA LTD,10100000007358,2026-08-27
DAVANGERE,NSE:DAVANGERE-EQ,INE179G01029,DAVANGERE SUGAR COMPANY L,101000000021794,2026-08-27
DBCORP,NSE:DBCORP-EQ,INE950I01011,D.B.CORP LTD,101000000017881,2026-08-27
DBL,NSE:DBL-EQ,INE917M01012,DILIP BUILDCON LIMITED,101000000018086,2026-08-27
DBOL,NSE:DBOL-EQ,INE0I3401014,DHAMPUR BIO ORGANICS LTD,101000000010893,2026-08-27
DBREALTY,NSE:DBREALTY-EQ,INE879I01012,VALOR ESTATE LIMITED,101000000018124,2026-08-27
DCAL,NSE:DCAL-EQ,INE385W01011,DISHMAN CARBO AMCIS LTD,101000000021704,2026-08-27
DCBBANK,NSE:DCBBANK-EQ,INE503A01015,DCB BANK LIMITED,101000000013725,2026-08-27
DCI,NSE:DCI-EQ,INE0A1101019,DC INFOTECH AND COMUN LTD,101000000011566,2026-08-27
DCMFINSERV,NSE:DCMFINSERV-EQ,INE891B01012,DCM FINANCIAL SERVICES LT,10100000004775,2026-08-27
DCMNVL,NSE:DCMNVL-EQ,INE08KP01019,DCM NOUVELLE LIMITED,101000000011039,2026-08-27
DCMSHRIRAM,NSE:DCMSHRIRAM-EQ,INE499A01024,DCM SHRIRAM LIMITED,1010000000811,2026-08-27
DCMSIL,NSE:DCMSIL-EQ,INE0OU201013,DCM SHRIRAM INTERNATNL L,1010000000760896,2026-08-27
DCMSRIND,NSE:DCMSRIND-EQ,INE843D01027,DCM SHRIRAM IND LTD,10100000007325,2026-08-27
DCW,NSE:DCW-EQ,INE500A01029,DCW LTD,1010000000817,2026-08-27
DCXINDIA,NSE:DCXINDIA-EQ,INE0KL801015,DCX SYSTEMS LIMITED,101000000011895,2026-08-27
DDEVPLSTIK,NSE:DDEVPLSTIK-EQ,INE0HR601026,DDEV PLASTIKS IND LTD,101000000029098,2026-08-27
DECCANCE,NSE:DECCANCE-EQ,INE583C01021,DECCAN CEMENTS LIMITED,101000000014838,2026-08-27
DECNGOLD,NSE:DECNGOLD-EQ,INE945F01025,DECCAN GOLD MINES LTD.,1010000000762638,2026-08-27
DEEDEV,NSE:DEEDEV-EQ,INE841L01016,DEE DEVELOPMENT ENG LTD,101000000024154,2026-08-27
DEEP,NSE:DEEP-EQ,INE00IY01012,DEEP POLYMERS LTD.,1010000000765055,2026-08-27
DEEPAKFERT,NSE:DEEPAKFERT-EQ,INE501A01019,DEEPAK FERTILIZERS & PETR,1010000000827,2026-08-27
DEEPAKNTR,NSE:DEEPAKNTR-EQ,INE288B01029,DEEPAK NITRITE LTD,101000000019943,2026-08-27
DEEPINDS,NSE:DEEPINDS-EQ,INE0FHS01024,DEEP INDUSTRIES LIMITED,10100000003292,2026-08-27
DELHIVERY,NSE:DELHIVERY-EQ,INE148O01028,DELHIVERY LIMITED,10100000009599,2026-08-27
DELTACORP,NSE:DELTACORP-EQ,INE124G01033,DELTA CORP LIMITED,101000000015044,2026-08-27
DELTAMAGNT,NSE:DELTAMAGNT-EQ,INE393A01011,DELTA MANUFACTURING LTD,10100000001214,2026-08-27
DEN,NSE:DEN-EQ,INE947J01015,DEN NETWORKS LTD,101000000017722,2026-08-27
DENORA,NSE:DENORA-EQ,INE244A01016,DE NORA INDIA LIMITED,10100000004279,2026-08-27
DENTA,NSE:DENTA-EQ,INE0R4L01018,DENTA WATER N INFRA SOL L,101000000029256,2026-08-27
DEVIT,NSE:DEVIT-EQ,INE060X01034,DEV INFO TECHNOLOGY LTD,10100000008146,2026-08-27
DEVX,NSE:DEVX-EQ,INE0VOV01021,DEV ACCELERATOR LIMITED,1010000000759079,2026-08-27
DEVYANI,NSE:DEVYANI-EQ,INE872J01023,DEVYANI INTERNATIONAL LTD,10100000005373,2026-08-27
DGCONTENT,NSE:DGCONTENT-EQ,INE03JI01017,DIGICONTENT LIMITED,101000000010346,2026-08-27
DHAMPURSUG,NSE:DHAMPURSUG-EQ,INE041A01016,DHAMPUR SUGAR MILLS LTD.,1010000000857,2026-08-27
DHANBANK,NSE:DHANBANK-EQ,INE680A01011,DHANLAXMI BANK LIMITED,101000000011359,2026-08-27
DHANUKA,NSE:DHANUKA-EQ,INE435G01025,DHANUKA AGRITECH LTD,101000000024409,2026-08-27
DHARMAJ,NSE:DHARMAJ-EQ,INE00OQ01016,DHARMAJ CROP GUARD LTD,101000000013001,2026-08-27
DHATRE,NSE:DHATRE-EQ,INE715T01031,DHATRE UDYOG LTD.,1010000000765060,2026-08-27
DHOOTTRANS,NSE:DHOOTTRANS-EQ,INE01NH01023,DHOOT TRANSMISSION LTD,1010000000764553,2026-08-27
DHRUV,NSE:DHRUV-EQ,INE506Z01015,DHRUV CONSULTANCY SER LTD,10100000006858,2026-08-27
DHUNINV,NSE:DHUNINV-EQ,INE320L01011,DHUNSERI INVESTMENTS LTD,101000000022233,2026-08-27
DIAMINESQ,NSE:DIAMINESQ-EQ,INE591D01014,DIAMINES & CHEMICALS LTD,101000000018644,2026-08-27
DIAMONDYD,NSE:DIAMONDYD-EQ,INE393P01035,PRATAAP SNACKS LIMITED,101000000021840,2026-08-27
DICIND,NSE:DICIND-EQ,INE303A01010,DIC INDIA LIMITED,1010000000703,2026-08-27
DIFFNKG,NSE:DIFFNKG-EQ,INE184O01015,DIFFUSION ENGINEERS LTD,101000000025672,2026-08-27
DIGIDRIVE,NSE:DIGIDRIVE-EQ,INE0PSC01024,DIGIDRIVE DISTRIBUTORS L,101000000021247,2026-08-27
DIGISPICE,NSE:DIGISPICE-EQ,INE927C01020,DIGISPICE TECHNOLOGIES LT,101000000016683,2026-08-27
DIGITIDE,NSE:DIGITIDE-EQ,INE0U4701011,DIGITIDE SOLUTIONS LTD,1010000000757515,2026-08-27
DIGJAMLMTD,NSE:DIGJAMLMTD-EQ,INE731U01028,DIGJAM LTD,10100000006127,2026-08-27
DISAQ,NSE:DISAQ-EQ,INE131C01011,DISA INDIA LTD.,1010000000762643,2026-08-27
DISHTV,NSE:DISHTV-EQ,INE836F01026,DISH TV INDIA LTD.,101000000014537,2026-08-27
DIVGIITTS,NSE:DIVGIITTS-EQ,INE753U01022,DIVGI TORQTRANSFER SYST L,101000000014479,2026-08-27
DIVISLAB,NSE:DIVISLAB-EQ,INE361B01024,DIVI S LABORATORIES LTD,101000000010940,2026-08-27
DIXON,NSE:DIXON-EQ,INE935N01020,DIXON TECHNO (INDIA) LTD,101000000021690,2026-08-27
DJML,NSE:DJML-EQ,INE0B1K01014,DJ MEDIAPRINT & LOG LTD,101000000012749,2026-08-27
DLF,NSE:DLF-EQ,INE271C01023,DLF LIMITED,101000000014732,2026-08-27
DLINKINDIA,NSE:DLINKINDIA-EQ,INE250K01012,D-LINK INDIA LTD,101000000017851,2026-08-27
DMART,NSE:DMART-EQ,INE192R01011,AVENUE SUPERMARTS LIMITED,101000000019913,2026-08-27
DMCC,NSE:DMCC-EQ,INE505A01010,DMCC SPECIALITY CHEMICALS,10100000006973,2026-08-27
DNAMEDIA,NSE:DNAMEDIA-EQ,INE016M01021,DILIGENT MEDIA CORP LTD.,1010000000641,2026-08-27
DODLA,NSE:DODLA-EQ,INE021O01019,DODLA DAIRY LIMITED,10100000004822,2026-08-27
DOLATALGO,NSE:DOLATALGO-EQ,INE966A01022,DOLAT ALGOTECH LIMITED,101000000012124,2026-08-27
DOLLAR,NSE:DOLLAR-EQ,INE325C01035,DOLLAR INDUSTRIES LIMITED,101000000020560,2026-08-27
DOLPHIN,NSE:DOLPHIN-EQ,INE920A01037,DOLPHIN OFF ENT (IND) L,101000000018139,2026-08-27
DOMS,NSE:DOMS-EQ,INE321T01012,DOMS INDUSTRIES LIMITED,101000000020551,2026-08-27
DONEAR,NSE:DONEAR-EQ,INE668D01028,DONEAR IND. LIMITED,101000000013839,2026-08-27
DPABHUSHAN,NSE:DPABHUSHAN-EQ,INE266Y01019,D. P. ABHUSHAN LIMITED,1010000000936,2026-08-27
DRAGARWQ,NSE:DRAGARWQ-EQ,INE934C01018,DR. AGARWAL'S EYE HOSP L,1010000000762648,2026-08-27
DRCSYSTEMS,NSE:DRCSYSTEMS-EQ,INE03RS01027,DRC SYSTEMS INDIA LIMITED,10100000002645,2026-08-27
DREAMFOLKS,NSE:DREAMFOLKS-EQ,INE0JS101016,DREAMFOLKS SERVICES LTD,101000000010859,2026-08-27
DREDGECORP,NSE:DREDGECORP-EQ,INE506A01018,DREDGING CORP OF INDIA,101000000011271,2026-08-27
DRREDDY,NSE:DRREDDY-EQ,INE089A01031,DR. REDDY S LABORATORIES,1010000000881,2026-08-27
DSSL,NSE:DSSL-EQ,INE417B01040,DYNACONS SYS & SOLN LTD,101000000025690,2026-08-27
DTIL,NSE:DTIL-EQ,INE341R01014,DHUNSERI TEA & IND. LTD.,10100000006227,2026-08-27
DUCON,NSE:DUCON-EQ,INE741L01018,DUCON INFRATECHNOLOGIES L,101000000028952,2026-08-27
DVL,NSE:DVL-EQ,INE477B01010,DHUNSERI VENTURES LIMITED,101000000015214,2026-08-27
DWARKESH,NSE:DWARKESH-EQ,INE366A01041,DWARIKESH SUGAR IND LTD,101000000011667,2026-08-27
DYCL,NSE:DYCL-EQ,INE600Y01019,DYNAMIC CABLES LIMITED,101000000010417,2026-08-27
DYNAMATECH,NSE:DYNAMATECH-EQ,INE221B01012,DYNAMATIC TECHNOLOGIES,10100000004525,2026-08-27
DYNPRO,NSE:DYNPRO-EQ,INE256H01015,DYNEMIC PRODUCTS LIMITED,101000000021314,2026-08-27
EASEMYTRIP,NSE:EASEMYTRIP-EQ,INE07O001026,EASY TRIP PLANNERS LTD,10100000002792,2026-08-27
EASTWEST,NSE:EASTWEST-EQ,INE595R01023,EAST WEST FREIGHT CARRI L,1010000000765065,2026-08-27
EBGNG,NSE:EBGNG-EQ,INE18JU01028,GNG ELECTRONICS LIMITED,1010000000757862,2026-08-27
EBIX,NSE:EBIX-EQ,INE432F01032,EBIX LIMITED,1010000000765070,2026-08-27
ECLERX,NSE:ECLERX-EQ,INE738I01010,ECLERX SERVICES LTD,101000000015179,2026-08-27
ECORECO,NSE:ECORECO-EQ,INE316A01038,ECO RECYCLING LTD.,1010000000764663,2026-08-27
EDELWEISS,NSE:EDELWEISS-EQ,INE532F01054,EDELWEISS FIN SERV LTD,101000000015119,2026-08-27
EFCIL,NSE:EFCIL-EQ,INE886D01026,EFC (I) LIMITED,1010000000758675,2026-08-27
EICHERMOT,NSE:EICHERMOT-EQ,INE066A01021,EICHER MOTORS LTD,1010000000910,2026-08-27
EIDPARRY,NSE:EIDPARRY-EQ,INE126A01031,EID PARRY INDIA LTD,1010000000916,2026-08-27
EIEL,NSE:EIEL-EQ,INE0LLY01014,ENVIRO INFRA ENGINEERS L,101000000027213,2026-08-27
EIHAHOTELS,NSE:EIHAHOTELS-EQ,INE276C01014,EIH ASSOCIATED HOTELS LTD,101000000015399,2026-08-27
EIHOTEL,NSE:EIHOTEL-EQ,INE230A01023,EIH LIMITED,1010000000919,2026-08-27
EIMCOELECO,NSE:EIMCOELECO-EQ,INE158B01016,EIMCO ELECON (INDIA) LTD,10100000004040,2026-08-27
EKC,NSE:EKC-EQ,INE184H01027,EVEREST KANTO CYLINDERLTD,101000000013091,2026-08-27
EKI,NSE:EKI-EQ,INE0CPR01018,EKI ENERGY SERVICES LTD,1010000000764668,2026-08-27
ELANTAS,NSE:ELANTAS-EQ,INE280B01018,ELANTAS BECK INDIA LTD.,1010000000762653,2026-08-27
ELCIDIN,NSE:ELCIDIN-EQ,INE927X01018,ELCID INVESTMENTS LTD.,1010000000762658,2026-08-27
ELDEHSG,NSE:ELDEHSG-EQ,INE668G01021,ELDECO HSG & IND LTD.,10100000008953,2026-08-27
ELECON,NSE:ELECON-EQ,INE205B01031,ELECON ENG. CO. LTD,101000000013643,2026-08-27
ELECTCAST,NSE:ELECTCAST-EQ,INE086A01029,ELECTROSTEEL CASTINGS LTD,1010000000928,2026-08-27
ELECTHERM,NSE:ELECTHERM-EQ,INE822G01016,ELECTROTHERM (I) LTD.,10100000004469,2026-08-27
ELGIEQUIP,NSE:ELGIEQUIP-EQ,INE285A01027,ELGI EQUIPMENTS LTD,1010000000937,2026-08-27
ELGIRUBCO,NSE:ELGIRUBCO-EQ,INE819L01012,ELGI RUBBER CO. LTD,101000000024924,2026-08-27
ELIN,NSE:ELIN-EQ,INE050401020,ELIN ELECTRONICS LIMITED,101000000013423,2026-08-27
ELITECON,NSE:ELITECON-EQ,INE669R01026,ELITECON INTERNATIONAL L,1010000000762663,2026-08-27
ELLEN,NSE:ELLEN-EQ,INE236E01022,ELLENBARRIE INDUS GASES L,1010000000758563,2026-08-27
ELPROINTL,NSE:ELPROINTL-EQ,INE579B01039,ELPRO INTERNATIONAL LTD,10100000004471,2026-08-27
EMAMILTD,NSE:EMAMILTD-EQ,INE548C01032,EMAMI LIMITED,101000000013517,2026-08-27
EMAMIREAL,NSE:EMAMIREAL-EQ,INE778K01012,EMAMI REALTY LIMITED,101000000019277,2026-08-27
EMBDL,NSE:EMBDL-EQ,INE069I01010,EMBASSY DEVELOPMENTS LTD,101000000014450,2026-08-27
EMCURE,NSE:EMCURE-EQ,INE168P01015,EMCURE PHARMACEUTICALS L,101000000024398,2026-08-27
EMIL,NSE:EMIL-EQ,INE02YR01019,ELECTRONICS MART IND LTD,101000000011530,2026-08-27
EMKAY,NSE:EMKAY-EQ,INE296H01011,EMKAY GLOBAL FIN SERV LTD,101000000013421,2026-08-27
EMMVEE,NSE:EMMVEE-EQ,INE1C6T01020,EMMVEE PHOTOVOLTAIC PWR L,1010000000759728,2026-08-27
EMPIND,NSE:EMPIND-EQ,INE515H01014,EMPIRE INDUSTRIES LTD.,1010000000764673,2026-08-27
EMPOWER,NSE:EMPOWER-EQ,INE507F01023,EMPOWER INDIA LTD.,1010000000762670,2026-08-27
EMSLIMITED,NSE:EMSLIMITED-EQ,INE0OV601013,EMS LIMITED,101000000018593,2026-08-27
EMUDHRA,NSE:EMUDHRA-EQ,INE01QM01018,EMUDHRA LIMITED,10100000009756,2026-08-27
ENDURANCE,NSE:ENDURANCE-EQ,INE913H01037,ENDURANCE TECHNO. LTD.,101000000018822,2026-08-27
ENERGYDEV,NSE:ENERGYDEV-EQ,INE306C01019,ENERGY DEVE. CO.LTD,101000000015049,2026-08-27
ENGINERSIN,NSE:ENGINERSIN-EQ,INE510A01028,ENGINEERS INDIA LTD,10100000004907,2026-08-27
ENIL,NSE:ENIL-EQ,INE265F01028,ENTERTAIN NET. IND. LTD.,101000000013192,2026-08-27
ENKEIWHEL,NSE:ENKEIWHEL-EQ,INE130L01014,ENKEI WHEELS (INDIA) LTD.,1010000000764678,2026-08-27
ENRIN,NSE:ENRIN-EQ,INE1NPP01017,SIEMENS ENERGY INDIA LTD,1010000000756871,2026-08-27
ENTERO,NSE:ENTERO-EQ,INE010601016,ENTERO HEALTHCARE SOLU L,101000000022717,2026-08-27
EPACK,NSE:EPACK-EQ,INE0G5901015,EPACK DURABLE LIMITED,101000000022463,2026-08-27
EPACKPEB,NSE:EPACKPEB-EQ,INE0MLS01022,EPACK PREFAB TECHN LTD,1010000000759251,2026-08-27
EPIGRAL,NSE:EPIGRAL-EQ,INE071N01016,EPIGRAL LIMITED,10100000005382,2026-08-27
EPL,NSE:EPL-EQ,INE255A01020,EPL LIMITED,1010000000981,2026-08-27
EQUITASBNK,NSE:EQUITASBNK-EQ,INE063P01018,EQUITAS SMALL FIN BNK LTD,1010000000913,2026-08-27
ERIS,NSE:ERIS-EQ,INE406M01024,ERIS LIFESCIENCES LIMITED,101000000021154,2026-08-27
ESABINDIA,NSE:ESABINDIA-EQ,INE284A01012,ESAB INDIA LTD,1010000000955,2026-08-27
ESCORTS,NSE:ESCORTS-EQ,INE042A01014,ESCORTS KUBOTA LIMITED,1010000000958,2026-08-27
ESSARSHPNG,NSE:ESSARSHPNG-EQ,INE122M01019,ESSAR SHIPPING LTD,101000000025634,2026-08-27
ESSENTIA,NSE:ESSENTIA-EQ,INE418N01035,INTEGRA ESSENTIA LIMITED,101000000030323,2026-08-27
ESTER,NSE:ESTER-EQ,INE778B01029,ESTER INDUSTRIES LTD,101000000024265,2026-08-27
ETERNAL,NSE:ETERNAL-EQ,INE758T01015,ETERNAL LIMITED,10100000005097,2026-08-27
ETHOSLTD,NSE:ETHOSLTD-EQ,INE04TZ01018,ETHOS LIMITED,10100000009750,2026-08-27
EUREKAFORB,NSE:EUREKAFORB-EQ,INE0KCE01017,EUREKA FORBES LIMITED,101000000025162,2026-08-27
EUROBOND,NSE:EUROBOND-EQ,INE505V01016,EURO PANEL PRODUCTS LTD,1010000000757953,2026-08-27
EUROPRATIK,NSE:EUROPRATIK-EQ,INE198501012,EURO PRATIK SALES LIMITED,1010000000759797,2026-08-27
EVEREADY,NSE:EVEREADY-EQ,INE128A01029,EVEREADY INDS. IND.  LTD.,101000000011782,2026-08-27
EXCELINDUS,NSE:EXCELINDUS-EQ,INE369A01029,EXCEL INDUSTRIES LTD,101000000011471,2026-08-27
EXCELSOFT,NSE:EXCELSOFT-EQ,INE606N01019,EXCELSOFT TECHNOLOGIES L,1010000000760007,2026-08-27
EXICOM,NSE:EXICOM-EQ,INE777F01014,EXICOM TELE SYSTEMS LTD,101000000022947,2026-08-27
EXIDEIND,NSE:EXIDEIND-EQ,INE302A01020,EXIDE INDUSTRIES LTD,1010000000676,2026-08-27
EXPLEOSOL,NSE:EXPLEOSOL-EQ,INE201K01015,EXPLEO SOLUTIONS LIMITED,101000000017486,2026-08-27
EXXARO,NSE:EXXARO-EQ,INE0GFE01026,EXXARO TILES LIMITED,10100000005352,2026-08-27
FABTECH,NSE:FABTECH-EQ,INE0HF201011,FABTECH TECHNOLOGIES LTD,1010000000760125,2026-08-27
FACT,NSE:FACT-EQ,INE188A01015,FACT LTD,10100000001008,2026-08-27
FAZE3Q,NSE:FAZE3Q-EQ,INE963C01033,FAZE THREE LIMITED,101000000012000,2026-08-27
FCL,NSE:FCL-EQ,INE045J01034,FINEOTEX CHEMICAL LIMITED,10100000006198,2026-08-27
FCSSOFT,NSE:FCSSOFT-EQ,INE512B01022,FCS SOFTWARE SOLN. LTD.,101000000011999,2026-08-27
FDC,NSE:FDC-EQ,INE258B01022,FDC LIMITED,10100000004898,2026-08-27
FEDDERSHOL,NSE:FEDDERSHOL-EQ,INE417D01020,FEDDERS HOLDING LTD.,1010000000762675,2026-08-27
FEDERALBNK,NSE:FEDERALBNK-EQ,INE171A01029,FEDERAL BANK LTD,10100000001023,2026-08-27
FEDFINA,NSE:FEDFINA-EQ,INE007N01010,FEDBANK FINANCIAL SER L,101000000020322,2026-08-27
FERMENTA,NSE:FERMENTA-EQ,INE225B01021,FERMENTA BIOTECH LTD.,1010000000762680,2026-08-27
FIBERWEB,NSE:FIBERWEB-EQ,INE296C01020,FIBERWEB INDIA LIMITED,10100000008159,2026-08-27
FIEMIND,NSE:FIEMIND-EQ,INE737H01014,FIEM INDUSTRIES LIMITED,101000000013710,2026-08-27
FILATEX,NSE:FILATEX-EQ,INE816B01035,FILATEX INDIA LTD,101000000024532,2026-08-27
FILATFASH,NSE:FILATFASH-EQ,INE185E01021,FILATEX FASHIONS LIMITED,101000000023647,2026-08-27
FINCABLES,NSE:FINCABLES-EQ,INE235A01022,FINOLEX CABLES LTD,10100000001038,2026-08-27
FINEORG,NSE:FINEORG-EQ,INE686Y01026,FINE ORGANIC IND. LTD.,10100000003744,2026-08-27
FINKURVE,NSE:FINKURVE-EQ,INE734I01027,FINKURVE FINANCIAL SERV L,1010000000759239,2026-08-27
FINOPB,NSE:FINOPB-EQ,INE02NC01014,FINO PAYMENTS BANK LTD,10100000006579,2026-08-27
FINPIPE,NSE:FINPIPE-EQ,INE183A01024,FINOLEX INDUSTRIES LTD,10100000001041,2026-08-27
FIRSTCRY,NSE:FIRSTCRY-EQ,INE02RE01045,BRAINBEES SOLUTIONS LTD,101000000024814,2026-08-27
FISCHER,NSE:FISCHER-EQ,INE771F01041,FISCHER MEDICAL VENTURE L,1010000000757658,2026-08-27
FIVESTAR,NSE:FIVESTAR-EQ,INE128S01021,FIVE-STAR BUS FIN LTD,101000000012032,2026-08-27
FLAIR,NSE:FLAIR-EQ,INE00Y201027,FLAIR WRITING INDUST LTD,101000000020372,2026-08-27
FLUOROCHEM,NSE:FLUOROCHEM-EQ,INE09N301011,GUJARAT FLUOROCHEM LTD,101000000013750,2026-08-27
FMGOETZE,NSE:FMGOETZE-EQ,INE529A01010,FEDERAL-MOGUL GOETZE (IND,10100000001190,2026-08-27
FMNL,NSE:FMNL-EQ,INE360L01017,FUTURE MKT NETWORKS LTD,101000000021017,2026-08-27
FOODSIN,NSE:FOODSIN-EQ,INE976E01023,FOODS & INNS LIMITED,10100000006673,2026-08-27
FORCEMOT,NSE:FORCEMOT-EQ,INE451A01017,FORCE MOTORS LIMITED,101000000011573,2026-08-27
FORTIS,NSE:FORTIS-EQ,INE061F01013,FORTIS HEALTHCARE LTD,101000000014592,2026-08-27
FOSECOIND,NSE:FOSECOIND-EQ,INE519A01011,FOSECO INDIA LTD,10100000001073,2026-08-27
FRACTAL,NSE:FRACTAL-EQ,INE212S01015,FRACTAL ANALYTICS LIMITED,1010000000760961,2026-08-27
FREDUN,NSE:FREDUN-EQ,INE194R01017,FREDUN PHARMACEUTICALS L,1010000000764683,2026-08-27
FRONTSP,NSE:FRONTSP-EQ,INE572D01014,FRONTIER SPRINGS LTD.,1010000000762685,2026-08-27
FSL,NSE:FSL-EQ,INE684F01012,FIRSTSOURCE SOLU. LTD.,101000000014304,2026-08-27
FUSION,NSE:FUSION-EQ,INE139R01012,FUSION FINANCE LIMITED,101000000011932,2026-08-27
GABRIEL,NSE:GABRIEL-EQ,INE524A01029,GABRIEL INDIA LTD,10100000001085,2026-08-27
GAEL,NSE:GAEL-EQ,INE036B01030,GUJARAT AMBUJA EXPORTS LT,10100000008828,2026-08-27
GAIL,NSE:GAIL-EQ,INE129A01019,GAIL (INDIA) LTD,10100000004717,2026-08-27
GAJA,NSE:GAJA-EQ,INE18UN01038,GAJA ALT ASSET MGT LTD,1010000000765396,2026-08-27
GALAPREC,NSE:GALAPREC-EQ,INE0RE001014,GALA PRECISION ENG LTD,101000000025134,2026-08-27
GALAXYSURF,NSE:GALAXYSURF-EQ,INE600K01018,GALAXY SURFACTANTS LTD,10100000001315,2026-08-27
GALLANTT,NSE:GALLANTT-EQ,INE297H01019,GALLANTT ISPAT LIMITED,101000000013337,2026-08-27
GANDHAR,NSE:GANDHAR-EQ,INE717W01049,GANDHAR OIL REFINE IND L,101000000020303,2026-08-27
GANDHITUBE,NSE:GANDHITUBE-EQ,INE524B01027,GANDHI SPL. TUBES LTD,101000000014116,2026-08-27
GANECOS,NSE:GANECOS-EQ,INE845D01014,GANESHA ECOSPHERE LIMITED,10100000006944,2026-08-27
GANESHCP,NSE:GANESHCP-EQ,INE652V01016,GANESH CONSUMER PRODUCT L,1010000000759012,2026-08-27
GANESHHOU,NSE:GANESHHOU-EQ,INE460C01014,GANESH HOUSING LIMITED,101000000014339,2026-08-27
GANGAFORGE,NSE:GANGAFORGE-EQ,INE691Z01023,GANGA FORGING LIMITED,10100000004957,2026-08-27
GANGESSECU,NSE:GANGESSECU-EQ,INE335W01016,GANGES SECURITIES LIMITED,101000000021399,2026-08-27
GARFIBRES,NSE:GARFIBRES-EQ,INE276A01018,GARWARE TECH FIBRES LTD,10100000001100,2026-08-27
GARUDA,NSE:GARUDA-EQ,INE0JVO01026,GARUDA CONSTRUCT N ENG L,101000000025800,2026-08-27
GATEWAY,NSE:GATEWAY-EQ,INE079J01017,GATEWAY DISTRIPARKS LTD,10100000008510,2026-08-27
GAYAHWS,NSE:GAYAHWS-EQ,INE287Z01012,GAYATRI HIGHWAYS LIMITED,10100000003693,2026-08-27
GCSL,NSE:GCSL-EQ,INE199P01028,GRETEX CORPORATE SERVICES,1010000000758986,2026-08-27
GEEKAYWIRE,NSE:GEEKAYWIRE-EQ,INE669X01032,GEEKAY WIRES LIMITED,101000000017922,2026-08-27
GEMAROMA,NSE:GEMAROMA-EQ,INE06XZ01023,GEM AROMATICS LIMITED,1010000000759461,2026-08-27
GENCON,NSE:GENCON-EQ,INE854S01022,GENERIC ENG CONS PROJ LTD,10100000002188,2026-08-27
GENESYS,NSE:GENESYS-EQ,INE727B01026,GENESYS INTL CORPN LTD,101000000010905,2026-08-27
GENUSPAPER,NSE:GENUSPAPER-EQ,INE949P01018,GENUS P&B LIMITED,10100000006600,2026-08-27
GENUSPOWER,NSE:GENUSPOWER-EQ,INE955D01029,GENUS POWER INFRASTRU LTD,101000000011905,2026-08-27
GEOJITFSL,NSE:GEOJITFSL-EQ,INE007B01023,GEOJIT FINANCIAL SER L,101000000011896,2026-08-27
GESHIP,NSE:GESHIP-EQ,INE017A01032,THE GE SHPG.LTD,101000000013776,2026-08-27
GFLLIMITED,NSE:GFLLIMITED-EQ,INE538A01037,GFL LIMITED,10100000001289,2026-08-27
GHCL,NSE:GHCL-EQ,INE539A01019,GHCL LIMITED,10100000001127,2026-08-27
GHCLTEXTIL,NSE:GHCLTEXTIL-EQ,INE0PA801013,GHCL TEXTILES LIMITED,101000000016696,2026-08-27
GICHSGFIN,NSE:GICHSGFIN-EQ,INE289B01019,GIC HOUSING FINANCE LTD,10100000001139,2026-08-27
GICL,NSE:GICL-EQ,INE947T01022,GLOBE INTL CARRIERS LTD,1010000000761025,2026-08-27
GICRE,NSE:GICRE-EQ,INE481Y01014,GENERAL INS CORP OF INDIA,1010000000277,2026-08-27
GILLANDERS,NSE:GILLANDERS-EQ,INE047B01011,GILLANDERS ARBUTHNOT LTD,101000000017839,2026-08-27
GILLETTE,NSE:GILLETTE-EQ,INE322A01010,GILLETTE INDIA LTD,10100000001576,2026-08-27
GIPCL,NSE:GIPCL-EQ,INE162A01010,GUJ IND POW CO. LTD,10100000001145,2026-08-27
GKB,NSE:GKB-EQ,INE265D01015,GKB OPHTHALMICS LTD.,1010000000764688,2026-08-27
GKENERGY,NSE:GKENERGY-EQ,INE1AG301022,GK ENERGY LIMITED,1010000000759048,2026-08-27
GKSL,NSE:GKSL-EQ,INE0V0W01025,GUJARAT KIDNEY N SUP SP L,1010000000761197,2026-08-27
GKWLIMITED,NSE:GKWLIMITED-EQ,INE528A01020,GKW LIMITED,101000000017357,2026-08-27
GLAND,NSE:GLAND-EQ,INE068V01023,GLAND PHARMA LIMITED,10100000001186,2026-08-27
GLAXO,NSE:GLAXO-EQ,INE159A01016,GLAXOSMITHKLINE PHARMA LT,10100000001153,2026-08-27
GLENMARK,NSE:GLENMARK-EQ,INE935A01035,GLENMARK PHARMACEUTICALS,10100000007406,2026-08-27
GLFL,NSE:GLFL-EQ,INE540A01017,GUJARAT LEASE FINANCING L,10100000001156,2026-08-27
GLOBAL,NSE:GLOBAL-EQ,INE291W01037,GLOBAL EDUCATION LIMITED,10100000001415,2026-08-27
GLOBALE,NSE:GLOBALE-EQ,INE0URU01010,GLOBALE TESSILE LIMITED,101000000024932,2026-08-27
GLOBALVECT,NSE:GLOBALVECT-EQ,INE792H01019,GLOBAL VEC HELICORP LTD,101000000013735,2026-08-27
GLOBE,NSE:GLOBE-EQ,INE581X01021,GLOBE ENTERPRISE (I) LTD,1010000000393,2026-08-27
GLOBECIVIL,NSE:GLOBECIVIL-EQ,INE0V3U01015,GLOBE CIVIL PROJECTS LTD,1010000000758572,2026-08-27
GLOBUSSPR,NSE:GLOBUSSPR-EQ,INE615I01010,GLOBUS SPIRITS LTD,101000000017424,2026-08-27
GLOSTERLTD,NSE:GLOSTERLTD-EQ,INE350Z01018,GLOSTER LIMITED,101000000023590,2026-08-27
GLOTTIS,NSE:GLOTTIS-EQ,INE0TQE01026,GLOTTIS LIMITED,1010000000760116,2026-08-27
GMBREW,NSE:GMBREW-EQ,INE075D01018,G M BREWERIES LTD,10100000001168,2026-08-27
GMDCLTD,NSE:GMDCLTD-EQ,INE131A01031,GUJARAT MINERAL DEV CORP,10100000005204,2026-08-27
GMMPFAUDLR,NSE:GMMPFAUDLR-EQ,INE541A01023,GMM PFAUDLER LIMITED,10100000001570,2026-08-27
GMRAIRPORT,NSE:GMRAIRPORT-EQ,INE776C01039,GMR AIRPORTS LIMITED,101000000013528,2026-08-27
GMRP&UI,NSE:GMRP&UI-EQ,INE0CU601026,GMR POW AND URBAN INFRA L,10100000008529,2026-08-27
GNA,NSE:GNA-EQ,INE934S01014,GNA AXLES LIMITED,101000000018571,2026-08-27
GNFC,NSE:GNFC-EQ,INE113A01013,GUJ NAR VAL FER & CHEM L,10100000001174,2026-08-27
GNRL,NSE:GNRL-EQ,INE207H01018,GUJARAT NATURAL RES L,1010000000762690,2026-08-27
GOACARBON,NSE:GOACARBON-EQ,INE426D01013,GOA CARBON LIMITED,101000000014687,2026-08-27
GOCLCORP,NSE:GOCLCORP-EQ,INE077F01035,GOCL CORPORATION LIMITED,10100000003963,2026-08-27
GOCOLORS,NSE:GOCOLORS-EQ,INE0BJS01011,GO FASHION INDIA LTD,10100000006964,2026-08-27
GODAVARIB,NSE:GODAVARIB-EQ,INE497S01012,GODAVARI BIOREFINERIES L,101000000025941,2026-08-27
GODFRYPHLP,NSE:GODFRYPHLP-EQ,INE260B01028,GODFREY PHILLIPS INDIA LT,10100000001181,2026-08-27
GODIGIT,NSE:GODIGIT-EQ,INE03JT01014,GO DIGIT GENERAL INS LTD,101000000023799,2026-08-27
GODREJAGRO,NSE:GODREJAGRO-EQ,INE850D01014,GODREJ AGROVET LIMITED,1010000000144,2026-08-27
GODREJCP,NSE:GODREJCP-EQ,INE102D01028,GODREJ CONSUMER PRODUCTS,101000000010099,2026-08-27
GODREJIND,NSE:GODREJIND-EQ,INE233A01035,GODREJ INDUSTRIES LTD,101000000010925,2026-08-27
GODREJPROP,NSE:GODREJPROP-EQ,INE484J01027,GODREJ PROPERTIES LTD,101000000017875,2026-08-27
GOKEX,NSE:GOKEX-EQ,INE887G01027,GOKALDAS EXPORTS LTD.,101000000011778,2026-08-27
GOKUL,NSE:GOKUL-EQ,INE020J01029,GOKUL REFOILS & SOLV LTD,101000000016705,2026-08-27
GOKULAGRO,NSE:GOKULAGRO-EQ,INE314T01033,GOKUL AGRO RESOURCES LTD,101000000014480,2026-08-27
GOLDIAM,NSE:GOLDIAM-EQ,INE025B01025,GOLDIAM INTERNATIONAL LTD,101000000011971,2026-08-27
GOODLUCK,NSE:GOODLUCK-EQ,INE127I01024,GOODLUCK INDIA LIMITED,10100000006125,2026-08-27
GOODYEAR,NSE:GOODYEAR-EQ,INE533A01012,GOODYEAR INDIA LIMITED,10100000001205,2026-08-27
GOPAL,NSE:GOPAL-EQ,INE0L9R01028,GOPAL SNACKS LIMITED,101000000023066,2026-08-27
GOYALALUM,NSE:GOYALALUM-EQ,INE705X01026,GOYAL ALUMINIUMS LIMITED,101000000011787,2026-08-27
GPIL,NSE:GPIL-EQ,INE177H01039,GODAWARI POW & ISP LTD,101000000013409,2026-08-27
GPPL,NSE:GPPL-EQ,INE517F01014,GUJARAT PIPAVAV PORT LTD,101000000019731,2026-08-27
GPTHEALTH,NSE:GPTHEALTH-EQ,INE486R01017,GPT HEALTHCARE LIMITED,101000000022846,2026-08-27
GPTINFRA,NSE:GPTINFRA-EQ,INE390G01014,GPT INFRAPROJECTS LTD,101000000017685,2026-08-27
GRADIENTE,NSE:GRADIENTE-EQ,INE361K01017,GRADIENTE INFOTAINMENT L,1010000000763299,2026-08-27
GRANDOAK,NSE:GRANDOAK-EQ,INE926B01016,GRAND OAK CANYONS DIST L,1010000000762695,2026-08-27
GRANULES,NSE:GRANULES-EQ,INE101D01020,GRANULES INDIA LIMITED,101000000011872,2026-08-27
GRAPHITE,NSE:GRAPHITE-EQ,INE371A01025,GRAPHITE INDIA LTD,1010000000592,2026-08-27
GRASIM,NSE:GRASIM-EQ,INE047A01021,GRASIM INDUSTRIES LTD,10100000001232,2026-08-27
GRAUWEIL,NSE:GRAUWEIL-EQ,INE266D01021,GRAUER & WEIL IND LTD,10100000005200,2026-08-27
GRAVISSHO,NSE:GRAVISSHO-EQ,INE214F01026,GRAVISS HOSPITALITY LTD.,1010000000762700,2026-08-27
GRAVITA,NSE:GRAVITA-EQ,INE024L01027,GRAVITA INDIA LIMITED,101000000020534,2026-08-27
GREAVESCOT,NSE:GREAVESCOT-EQ,INE224A01026,GREAVES COTTON LTD.,10100000001235,2026-08-27
GREENLAM,NSE:GREENLAM-EQ,INE544R01021,GREENLAM INDUSTRIES LTD.,10100000006848,2026-08-27
GREENPANEL,NSE:GREENPANEL-EQ,INE08ZM01014,GREENPANEL INDUSTRIES LTD,101000000013810,2026-08-27
GREENPLY,NSE:GREENPLY-EQ,INE461C01038,GREENPLY INDUSTRIES LTD,10100000003987,2026-08-27
GREENPOWER,NSE:GREENPOWER-EQ,INE999K01014,ORIENT GREEN POWER CO LTD,101000000020110,2026-08-27
GRINDWELL,NSE:GRINDWELL-EQ,INE536A01023,GRINDWELL NORTON LIMITED,101000000013560,2026-08-27
GRINFRA,NSE:GRINFRA-EQ,INE201P01022,G R INFRAPROJECTS LIMITED,10100000005054,2026-08-27
GRMOVER,NSE:GRMOVER-EQ,INE192H01020,GRM OVERSEAS LIMITED,101000000010871,2026-08-27
GROBTEA,NSE:GROBTEA-EQ,INE646C01018,THE GROB TEA COMPANY LTD,101000000017770,2026-08-27
GROWW,NSE:GROWW-EQ,INE0HOQ01053,BILLIONBRAINS GARAGE VN L,1010000000759806,2026-08-27
GRPLTD,NSE:GRPLTD-EQ,INE137I01015,GRP LIMITED,10100000006543,2026-08-27
GRSE,NSE:GRSE-EQ,INE382Z01011,GARDEN REACH SHIP&ENG LTD,10100000005475,2026-08-27
GRWRHITECH,NSE:GRWRHITECH-EQ,INE291A01017,GARWARE HI-TECH FILMS LTD,10100000007982,2026-08-27
GSFC,NSE:GSFC-EQ,INE026A01025,GUJ STATE FERT & CHEM LTD,10100000001247,2026-08-27
GSLSU,NSE:GSLSU-EQ,INE0JSX01015,GLOBAL SURFACES LIMITED,101000000014599,2026-08-27
GSPCROP,NSE:GSPCROP-EQ,INE713R01022,GSP CROP SCIENCE LIMITED,1010000000762239,2026-08-27
GSS,NSE:GSS-EQ,INE871H01011,GSS INFOTECH LIMITED,101000000015347,2026-08-27
GTL,NSE:GTL-EQ,INE043A01012,GTL LTD,10100000001162,2026-08-27
GTLINFRA,NSE:GTLINFRA-EQ,INE221H01019,GTL INFRA.LTD,101000000013745,2026-08-27
GTPL,NSE:GTPL-EQ,INE869I01013,GTPL HATHWAY LIMITED,101000000021195,2026-08-27
GUFICBIO,NSE:GUFICBIO-EQ,INE742B01025,GUFIC BIOSCIENCES LTD.,101000000011606,2026-08-27
GUJALKALI,NSE:GUJALKALI-EQ,INE186A01019,GUJARAT ALKALIES & CHEM,10100000001267,2026-08-27
GUJAPOLLO,NSE:GUJAPOLLO-EQ,INE826C01016,GUJ. APOLLO IND. LTD.,101000000014677,2026-08-27
GUJENERGY,NSE:GUJENERGY-EQ,INE844O01030,GUJARAT ENERGY LIMITED,101000000010599,2026-08-27
GUJRAFFIA,NSE:GUJRAFFIA-EQ,INE610B01024,GUJARAT RAFFIA INDUST LTD,10100000004548,2026-08-27
GUJTHEM,NSE:GUJTHEM-EQ,INE942C01045,GUJARAT THEMIS BIOSYN LTD,101000000029731,2026-08-27
GULFOILLUB,NSE:GULFOILLUB-EQ,INE635Q01029,GULF OIL LUB. IND. LTD.,10100000004391,2026-08-27
GULPOLY,NSE:GULPOLY-EQ,INE255D01024,GULSHAN POLYOLS LIMITED,10100000006286,2026-08-27
GVPIL,NSE:GVPIL-EQ,INE878A01011,GE POWER INDIA LIMITED,10100000007862,2026-08-27
GVPTECH,NSE:GVPTECH-EQ,INE382T01030,GVP INFOTECH LIMITED,101000000010865,2026-08-27
GVT&D,NSE:GVT&D-EQ,INE200A01026,GE VERNOVA T&D INDIA LTD,101000000016783,2026-08-27
GYFTR,NSE:GYFTR-EQ,INE724A01017,GYFTR LIMITED,1010000000764050,2026-08-27
HAL,NSE:HAL-EQ,INE066F01020,HINDUSTAN AERONAUTICS LTD,10100000002303,2026-08-27
HALDER,NSE:HALDER-EQ,INE115S01010,HALDER VENTURE LIMITED,1010000000760715,2026-08-27
HALEOSLABS,NSE:HALEOSLABS-EQ,INE320X01016,HALEOS LABS LIMITED,101000000021551,2026-08-27
HAMPTON,NSE:HAMPTON-EQ,INE299D01022,HAMPTON SKY REALTY LTD.,1010000000765075,2026-08-27
HAPPSTMNDS,NSE:HAPPSTMNDS-EQ,INE419U01012,HAPPIEST MINDS TECHNO LTD,101000000048,2026-08-27
HAPPYFORGE,NSE:HAPPYFORGE-EQ,INE330T01021,HAPPY FORGINGS LIMITED,101000000020854,2026-08-27
HARDWYN,NSE:HARDWYN-EQ,INE626Z01029,HARDWYN INDIA LIMITED,10100000008962,2026-08-27
HARIOMPIPE,NSE:HARIOMPIPE-EQ,INE00EV01017,HARIOM PIPE INDUSTRIES L,10100000008968,2026-08-27
HARRMALAYA,NSE:HARRMALAYA-EQ,INE544A01019,HARRISON MALAYALAM LTD,10100000001313,2026-08-27
HARSHA,NSE:HARSHA-EQ,INE0JUS01029,HARSHA ENGINEERS INT LTD,101000000011162,2026-08-27
HATHWAY,NSE:HATHWAY-EQ,INE982F01036,HATHWAY CABLE & DATACOM,101000000018154,2026-08-27
HATSUN,NSE:HATSUN-EQ,INE473B01035,HATSUN AGRO PRODUCT LTD.,10100000003892,2026-08-27
HAVELLS,NSE:HAVELLS-EQ,INE176B01034,HAVELLS INDIA LIMITED,10100000009819,2026-08-27
HAVISHA,NSE:HAVISHA-EQ,INE293B01029,SRI HAVISHA HOSP & INFR L,10100000007457,2026-08-27
HAWKINCOOK,NSE:HAWKINCOOK-EQ,INE979B01015,HAWKINS COOKERS LTD,10100000004444,2026-08-27
HAZOOR,NSE:HAZOOR-EQ,INE550F01049,HAZOOR MULTI PROJECTS LTD,1010000000764693,2026-08-27
HBESD,NSE:HBESD-EQ,INE640B01021,H B ESTATE DEVELOPERS L,1010000000762712,2026-08-27
HBLENGINE,NSE:HBLENGINE-EQ,INE292B01021,HBL ENGINEERING LTD,101000000013966,2026-08-27
HBPOR,NSE:HBPOR-EQ,INE638B01025,HB PORTFOLIO LTD.,1010000000765080,2026-08-27
HBSL,NSE:HBSL-EQ,INE550B01022,HB STOCKHOLDINGS LIMITED,10100000004116,2026-08-27
HCC,NSE:HCC-EQ,INE549A01026,HINDUSTAN CONSTRUCTION CO,10100000001375,2026-08-27
HCG,NSE:HCG-EQ,INE075I01017,HEALTHCARE GLOB. ENT. LTD,101000000015555,2026-08-27
HCL-INSYS,NSE:HCL-INSYS-EQ,INE236A01020,HCL INFOSYSTEMS LTD,10100000001327,2026-08-27
HCLTECH,NSE:HCLTECH-EQ,INE860A01027,HCL TECHNOLOGIES LTD,10100000007229,2026-08-27
HDBFS,NSE:HDBFS-EQ,INE756I01012,HDB FINANCIAL SERVICES L,1010000000757772,2026-08-27
HDFCAMC,NSE:HDFCAMC-EQ,INE127D01025,HDFC AMC LIMITED,10100000004244,2026-08-27
HDFCBANK,NSE:HDFCBANK-EQ,INE040A01034,HDFC BANK LTD,10100000001333,2026-08-27
HDFCLIFE,NSE:HDFCLIFE-EQ,INE795G01014,HDFC LIFE INS CO LTD,1010000000467,2026-08-27
HEADSUP,NSE:HEADSUP-EQ,INE759V01019,HEADS UP VENTURES LIMITED,101000000019205,2026-08-27
HEALTHX,NSE:HEALTHX-EQ,INE019J01013,HEALTH X PLATFORM LIMITED,101000000020063,2026-08-27
HECPROJECT,NSE:HECPROJECT-EQ,INE558R01013,HEC INFRA PROJECTS LTD,10100000007425,2026-08-27
HEG,NSE:HEG-EQ,INE545A01024,HEG LTD,10100000001336,2026-08-27
HEIDELBERG,NSE:HEIDELBERG-EQ,INE578A01017,HEIDELBERGCEMENT (I) LTD,10100000002316,2026-08-27
HEMIPROP,NSE:HEMIPROP-EQ,INE0AJG01018,HEMISPHERE PROP IND LTD,1010000000701,2026-08-27
HERANBA,NSE:HERANBA-EQ,INE694N01015,HERANBA INDUSTRIES LTD,10100000002614,2026-08-27
HERITGFOOD,NSE:HERITGFOOD-EQ,INE978A01027,HERITAGE FOODS LTD,10100000004598,2026-08-27
HEROMOTOCO,NSE:HEROMOTOCO-EQ,INE158A01026,HERO MOTOCORP LIMITED,10100000001348,2026-08-27
HESTERBIO,NSE:HESTERBIO-EQ,INE782E01017,HESTER BIOSCIENCES LTD,10100000007048,2026-08-27
HEXATRADEX,NSE:HEXATRADEX-EQ,INE750M01017,HEXA TRADEX LIMITED,101000000027008,2026-08-27
HEXT,NSE:HEXT-EQ,INE093A01041,HEXAWARE TECHNOLOGIES LTD,101000000029666,2026-08-27
HFCL,NSE:HFCL-EQ,INE548A01028,HFCL LIMITED,101000000021951,2026-08-27
HGINFRA,NSE:HGINFRA-EQ,INE926X01010,H.G.INFRA ENGINEERING LTD,10100000001672,2026-08-27
HGM,NSE:HGM-EQ,INE596H01014,HANDSON GBL MNGMNT LTD,101000000013592,2026-08-27
HGS,NSE:HGS-EQ,INE170I01016,HINDUJA GLOBAL SOLS. LTD.,101000000014712,2026-08-27
HIKAL,NSE:HIKAL-EQ,INE475B01022,HIKAL LIMITED,10100000009668,2026-08-27
HILINFRA,NSE:HILINFRA-EQ,INE00RL01028,HIGHWAY INFRASTRUCTURE L,1010000000759103,2026-08-27
HILTON,NSE:HILTON-EQ,INE788H01017,HILTON METAL FORGING LTD,101000000014627,2026-08-27
HIMATSEIDE,NSE:HIMATSEIDE-EQ,INE049A01027,HIMATSINGKA SEIDE LTD,10100000001360,2026-08-27
HINDADH,NSE:HINDADH-EQ,INE074C01013,HINDUSTAN ADHESIVES LTD.,1010000000764698,2026-08-27
HINDALCO,NSE:HINDALCO-EQ,INE038A01020,HINDALCO  INDUSTRIES  LTD,10100000001363,2026-08-27
HINDALUMI,NSE:HINDALUMI-EQ,INE227B01019,HIND ALUMINIUM INDS. LTD.,1010000000765085,2026-08-27
HINDCOMPOS,NSE:HINDCOMPOS-EQ,INE310C01029,HINDUSTAN COMPOSITES LTD.,10100000001372,2026-08-27
HINDCON,NSE:HINDCON-EQ,INE642Y01029,HINDCON CHEMICALS LIMITED,10100000004920,2026-08-27
HINDCOPPER,NSE:HINDCOPPER-EQ,INE531E01026,HINDUSTAN COPPER LTD,101000000017939,2026-08-27
HINDOILEXP,NSE:HINDOILEXP-EQ,INE345A01011,HINDUSTAN OIL EXPLORATION,10100000001403,2026-08-27
HINDPETRO,NSE:HINDPETRO-EQ,INE094A01015,HINDUSTAN PETROLEUM CORP,10100000001406,2026-08-27
HINDUNILVR,NSE:HINDUNILVR-EQ,INE030A01027,HINDUSTAN UNILEVER LTD.,10100000001394,2026-08-27
HINDWAREAP,NSE:HINDWAREAP-EQ,INE05AN01011,HINDWARE HME INOVATON LTD,101000000015883,2026-08-27
HINDZINC,NSE:HINDZINC-EQ,INE267A01025,HINDUSTAN ZINC LIMITED,10100000001424,2026-08-27
HIRECT,NSE:HIRECT-EQ,INE835D01023,HIRECT LIMITED,101000000013890,2026-08-27
HISARMETAL,NSE:HISARMETAL-EQ,INE598C01011,HISAR METAL IND. LIMITED,101000000019322,2026-08-27
HITECH,NSE:HITECH-EQ,INE106T01025,HI-TECH PIPES LIMITED,10100000002868,2026-08-27
HLEGLAS,NSE:HLEGLAS-EQ,INE461D01028,HLE GLASCOAT LIMITED,10100000002289,2026-08-27
HLVLTD,NSE:HLVLTD-EQ,INE102A01024,HLV LIMITED,10100000001448,2026-08-27
HMAAGRO,NSE:HMAAGRO-EQ,INE0ECP01024,HMA AGRO INDUSTRIES LTD,101000000017053,2026-08-27
HNDFDS,NSE:HNDFDS-EQ,INE254N01026,HINDUSTAN FOODS LIMITED,101000000012173,2026-08-27
HOMEFIRST,NSE:HOMEFIRST-EQ,INE481N01025,HOME FIRST FIN CO IND LTD,10100000002056,2026-08-27
HONASA,NSE:HONASA-EQ,INE0J5401028,HONASA CONSUMER LIMITED,101000000019813,2026-08-27
HONAUT,NSE:HONAUT-EQ,INE671A01010,HONEYWELL AUTOMATION IND,10100000003417,2026-08-27
HONDAPOWER,NSE:HONDAPOWER-EQ,INE634A01018,HONDA I POWER PRODUCT LTD,10100000003138,2026-08-27
HORIZONIND,NSE:HORIZONIND-EQ,INE685T01010,HORIZON INDUSTRIAL PRKS L,1010000000765356,2026-08-27
HPAL,NSE:HPAL-EQ,INE0GSL01024,HP ADHESIVES LIMITED,10100000007376,2026-08-27
HPIL,NSE:HPIL-EQ,INE05X901010,HINDPRAKASH INDUSTRY LTD,101000000011796,2026-08-27
HPL,NSE:HPL-EQ,INE495S01016,HPL ELECTRIC & POWER LTD,101000000018679,2026-08-27
HRYNSHP,NSE:HRYNSHP-EQ,INE400G01011,HARIYANA SHIP BREAKERS L,1010000000764703,2026-08-27
HSCL,NSE:HSCL-EQ,INE019C01026,HIMADRI SPECIALITY CHEM L,101000000014334,2026-08-27
HTMEDIA,NSE:HTMEDIA-EQ,INE501G01024,HT MEDIA LIMITED,101000000011979,2026-08-27
HUBTOWN,NSE:HUBTOWN-EQ,INE703H01016,HUBTOWN LIMITED,101000000014203,2026-08-27
HUDCO,NSE:HUDCO-EQ,INE031A01017,HSG & URBAN DEV CORPN LTD,101000000020825,2026-08-27
HUHTAMAKI,NSE:HUHTAMAKI-EQ,INE275B01026,HUHTAMAKI INDIA LIMITED,10100000002562,2026-08-27
HYUNDAI,NSE:HYUNDAI-EQ,INE0V6F01027,HYUNDAI MOTOR INDIA LTD,101000000025844,2026-08-27
IBULLSLTD,NSE:IBULLSLTD-EQ,INE126M01010,INDIABULLS LIMITED,101000000024999,2026-08-27
ICDSLTD,NSE:ICDSLTD-EQ,INE613B01010,ICDS LTD,10100000006977,2026-08-27
ICEMAKE,NSE:ICEMAKE-EQ,INE520Y01019,ICE MAKE REFRIGERAT LTD,1010000000489,2026-08-27
ICICIAMC,NSE:ICICIAMC-EQ,INE346A01027,ICICI PRUDENTIAL AMC LTD,1010000000760407,2026-08-27
ICICIBANK,NSE:ICICIBANK-EQ,INE090A01021,ICICI BANK LTD.,10100000004963,2026-08-27
ICICIGI,NSE:ICICIGI-EQ,INE765G01017,ICICI LOMBARD GIC LIMITED,101000000021770,2026-08-27
ICICIPRULI,NSE:ICICIPRULI-EQ,INE726G01019,ICICI PRU LIFE INS CO LTD,101000000018652,2026-08-27
ICIL,NSE:ICIL-EQ,INE483B01026,INDO COUNT INDUSTRIES LTD,101000000011987,2026-08-27
ICRA,NSE:ICRA-EQ,INE725G01011,ICRA LIMITED,101000000014523,2026-08-27
IDBI,NSE:IDBI-EQ,INE008A01015,IDBI BANK LIMITED,10100000001476,2026-08-27
IDEA,NSE:IDEA-EQ,INE669E01016,VODAFONE IDEA LIMITED,101000000014366,2026-08-27
IDEAFORGE,NSE:IDEAFORGE-EQ,INE349Y01013,IDEAFORGE TECHNO LTD,101000000017140,2026-08-27
IDFCFIRSTB,NSE:IDFCFIRSTB-EQ,INE092T01019,IDFC FIRST BANK LIMITED,101000000011184,2026-08-27
IEX,NSE:IEX-EQ,INE022Q01020,INDIAN ENERGY EXC LTD,1010000000220,2026-08-27
IFBAGRO,NSE:IFBAGRO-EQ,INE076C01018,IFB AGRO INDUSTRIES LTD,10100000001482,2026-08-27
IFBIND,NSE:IFBIND-EQ,INE559A01017,IFB INDUSTRIES LTD,10100000001485,2026-08-27
IFCI,NSE:IFCI-EQ,INE039A01010,IFCI LTD,10100000001491,2026-08-27
IFGLEXPOR,NSE:IFGLEXPOR-EQ,INE133Y01011,IFGL REFRACTORIES LIMITED,1010000000436,2026-08-27
IGARASHI,NSE:IGARASHI-EQ,INE188B01013,IGARASHI MOTORS INDIA LTD,1010000000634,2026-08-27
IGCL,NSE:IGCL-EQ,INE05J901018,INDOGULF CROPSCIENCES LTD,1010000000757801,2026-08-27
IGIL,NSE:IGIL-EQ,INE0Q9301021,INTL GEMOLOGICAL INST LTD,101000000028378,2026-08-27
IGL,NSE:IGL-EQ,INE203G01027,INDRAPRASTHA GAS LTD,101000000011262,2026-08-27
IGPL,NSE:IGPL-EQ,INE204A01010,I G PETROCHEMICALS LTD,101000000014086,2026-08-27
IIFL,NSE:IIFL-EQ,INE530B01024,IIFL FINANCE LIMITED,101000000011809,2026-08-27
IIFLCAPS,NSE:IIFLCAPS-EQ,INE489L01022,IIFL CAPITAL SERVICES LTD,101000000013072,2026-08-27
IITL,NSE:IITL-EQ,INE886A01014,INDUSTRIAL INV TRUST LTD,101000000019525,2026-08-27
IKIO,NSE:IKIO-EQ,INE0LOJ01019,IKIO TECHNOLOGIES LIMITED,101000000016822,2026-08-27
IKS,NSE:IKS-EQ,INE115Q01022,INVENTURUS KNOWLEDGE SO L,101000000028125,2026-08-27
IMAGICAA,NSE:IMAGICAA-EQ,INE172N01012,IMAGICAAWORLD ENT LTD,10100000007672,2026-08-27
IMFA,NSE:IMFA-EQ,INE919H01018,INDIAN METALS & FERRO,101000000019235,2026-08-27
IMPAL,NSE:IMPAL-EQ,INE547E01014,IND MOTOR PART & ACC LTD,101000000012009,2026-08-27
INA,NSE:INA-EQ,INE0LGX01024,INSOLATION ENERGY LIMITED,1010000000761099,2026-08-27
INCREDIBLE,NSE:INCREDIBLE-EQ,INE452L01012,INCREDIBLE INDUSTRIES LTD,101000000017507,2026-08-27
INDBANK,NSE:INDBANK-EQ,INE841B01017,INDBANK MERCH BANK,101000000016933,2026-08-27
INDGN,NSE:INDGN-EQ,INE065X01017,INDEGENE LIMITED,101000000023693,2026-08-27
INDHOTEL,NSE:INDHOTEL-EQ,INE053A01029,THE INDIAN HOTELS CO. LTD,10100000001512,2026-08-27
INDIACEM,NSE:INDIACEM-EQ,INE383A01012,THE INDIA CEMENTS LIMITED,10100000001515,2026-08-27
INDIAGLYCO,NSE:INDIAGLYCO-EQ,INE560A01023,INDIA GLYCOLS LTD,10100000001521,2026-08-27
INDIAMART,NSE:INDIAMART-EQ,INE933S01016,INDIAMART INTERMESH LTD,101000000010726,2026-08-27
INDIANB,NSE:INDIANB-EQ,INE562A01011,INDIAN BANK,101000000014309,2026-08-27
INDIANCARD,NSE:INDIANCARD-EQ,INE061A01014,INDIAN CARD CLOTHING CO.,10100000004422,2026-08-27
INDIANHUME,NSE:INDIANHUME-EQ,INE323C01030,INDIAN HUME PIPE CO. LTD.,10100000001530,2026-08-27
INDIASHLTR,NSE:INDIASHLTR-EQ,INE922K01024,INDIA SHELTER FIN CORP L,101000000020556,2026-08-27
INDIGO,NSE:INDIGO-EQ,INE646L01027,INTERGLOBE AVIATION LTD,101000000011195,2026-08-27
INDIGOPNTS,NSE:INDIGOPNTS-EQ,INE09VQ01012,INDIGO PAINTS LIMITED,10100000002048,2026-08-27
INDIQUBE,NSE:INDIQUBE-EQ,INE06ST01018,INDIQUBE SPACES LIMITED,1010000000757845,2026-08-27
INDNIPPON,NSE:INDNIPPON-EQ,INE092B01025,INDIA NIPPON ELECT  LTD,10100000004747,2026-08-27
INDOBORAX,NSE:INDOBORAX-EQ,INE803D01021,INDO BORAX & CHEMICAL LTD,10100000008614,2026-08-27
INDOCO,NSE:INDOCO-EQ,INE873D01024,INDOCO REMEDIES LTD.,101000000011677,2026-08-27
INDOFARM,NSE:INDOFARM-EQ,INE622H01018,INDO FARM EQUIPMENT LTD,101000000029025,2026-08-27
INDOKEM,NSE:INDOKEM-EQ,INE716F01012,INDOKEM LTD.,1010000000764708,2026-08-27
INDOMIM,NSE:INDOMIM-EQ,INE084101034,INDO-MIM LIMITED,1010000000764301,2026-08-27
INDORAMA,NSE:INDORAMA-EQ,INE156A01020,INDO RAMA SYNTHETICS LTD,101000000010993,2026-08-27
INDOSTAR,NSE:INDOSTAR-EQ,INE896L01010,INDOSTAR CAPITAL FIN LTD,10100000003088,2026-08-27
INDOTECH,NSE:INDOTECH-EQ,INE332H01014,INDO TECH TRANSFORM LTD.,101000000013275,2026-08-27
INDOTHAI,NSE:INDOTHAI-EQ,INE337M01021,INDO THAI SEC LTD,101000000025608,2026-08-27
INDOUS,NSE:INDOUS-EQ,INE250Z01010,INDO US BIOTECH LTD,101000000025503,2026-08-27
INDOWIND,NSE:INDOWIND-EQ,INE227G01018,INDOWIND ENERGY LTD,101000000014952,2026-08-27
INDPRUD,NSE:INDPRUD-EQ,INE620D01011,INDUSTRIAL & PRU INV CO L,1010000000762717,2026-08-27
INDRAMEDCO,NSE:INDRAMEDCO-EQ,INE681B01017,INDRAPRASTHA MEDICAL CORP,10100000004751,2026-08-27
INDSWFTLAB,NSE:INDSWFTLAB-EQ,INE915B01019,IND SWIFT LABORATORIES LT,10100000004870,2026-08-27
INDTERRAIN,NSE:INDTERRAIN-EQ,INE611L01021,IND TERRAIN FASHIONS LTD,101000000021957,2026-08-27
INDUSINDBK,NSE:INDUSINDBK-EQ,INE095A01012,INDUSIND BANK LIMITED,10100000005258,2026-08-27
INDUSTOWER,NSE:INDUSTOWER-EQ,INE121J01017,INDUS TOWERS LIMITED,101000000029135,2026-08-27
INFOBEAN,NSE:INFOBEAN-EQ,INE344S01016,INFOBEANS TECHNO. LTD.,101000000011027,2026-08-27
INFOMEDIA,NSE:INFOMEDIA-EQ,INE669A01022,INFOMEDIA PRESS LIMITED,101000000013693,2026-08-27
INFY,NSE:INFY-EQ,INE009A01021,INFOSYS LIMITED,10100000001594,2026-08-27
INGERRAND,NSE:INGERRAND-EQ,INE177A01018,INGERSOLL-RAND INDIA LTD,10100000001597,2026-08-27
INNOVACAP,NSE:INNOVACAP-EQ,INE0DUT01020,INNOVA CAPTAB LIMITED,101000000021062,2026-08-27
INNOVANA,NSE:INNOVANA-EQ,INE403Y01018,INNOVANA THINKLABS LTD,101000000027754,2026-08-27
INNOVISION,NSE:INNOVISION-EQ,INE0ADB01012,INNOVISION LIMITED,1010000000761528,2026-08-27
INOXGREEN,NSE:INOXGREEN-EQ,INE510W01014,INOX GREEN ENERGY SER LTD,101000000012188,2026-08-27
INOXINDIA,NSE:INOXINDIA-EQ,INE616N01034,INOX INDIA LIMITED,101000000020607,2026-08-27
INOXWIND,NSE:INOXWIND-EQ,INE066P01011,INOX WIND LIMITED,10100000007852,2026-08-27
INSECTICID,NSE:INSECTICID-EQ,INE070I01018,INSECTICIDES (I) LTD,101000000014657,2026-08-27
INTELLECT,NSE:INTELLECT-EQ,INE306R01017,INTELLECT DESIGN ARENA,10100000005926,2026-08-27
INTENTECH,NSE:INTENTECH-EQ,INE781A01025,INTENSE TECHNOLOGIES LTD,101000000020071,2026-08-27
INTERARCH,NSE:INTERARCH-EQ,INE00M901018,INTERARCH BLDNG SOLTN LTD,101000000024909,2026-08-27
INTLCONV,NSE:INTLCONV-EQ,INE575C01027,INTL CONVEYORS LIMITED,10100000005606,2026-08-27
INVENTURE,NSE:INVENTURE-EQ,INE878H01024,INVENTURE GRO & SEC LTD,101000000024870,2026-08-27
IOB,NSE:IOB-EQ,INE565A01014,INDIAN OVERSEAS BANK,10100000009348,2026-08-27
IOC,NSE:IOC-EQ,INE242A01010,INDIAN OIL CORP LTD,10100000001624,2026-08-27
IOLCP,NSE:IOLCP-EQ,INE485C01029,IOL CHEM AND PHARMA LTD,101000000020413,2026-08-27
IONEXCHANG,NSE:IONEXCHANG-EQ,INE570A01022,ION EXCHANGE (INDIA) LTD,10100000001630,2026-08-27
IPCALAB,NSE:IPCALAB-EQ,INE571A01038,IPCA LABORATORIES LTD,10100000001633,2026-08-27
IPL,NSE:IPL-EQ,INE0D6701023,INDIA PESTICIDES LIMITED,10100000004934,2026-08-27
IPRINGLTD,NSE:IPRINGLTD-EQ,INE558A01019,IP RINGS LTD.,1010000000764713,2026-08-27
IRB,NSE:IRB-EQ,INE821I01022,IRB INFRA DEV LTD.,101000000015313,2026-08-27
IRCON,NSE:IRCON-EQ,INE962Y01021,IRCON INTERNATIONAL LTD,10100000004986,2026-08-27
IRCTC,NSE:IRCTC-EQ,INE335Y01020,INDIAN RAIL TOUR CORP LTD,101000000013611,2026-08-27
IREDA,NSE:IREDA-EQ,INE202E01016,INDIAN RENEWABLE ENERGY,101000000020261,2026-08-27
IRFC,NSE:IRFC-EQ,INE053F01010,INDIAN RAILWAY FIN CORP L,10100000002029,2026-08-27
IRIS,NSE:IRIS-EQ,INE864K01010,IRIS REGTECH SOLUTION LTD,10100000006489,2026-08-27
IRISDOREME,NSE:IRISDOREME-EQ,INE01GN01025,IRIS CLOTHINGS LIMITED,10100000002275,2026-08-27
IRMENERGY,NSE:IRMENERGY-EQ,INE07U701015,IRM ENERGY LIMITED,101000000019597,2026-08-27
ISFT,NSE:ISFT-EQ,INE566K01011,INTRASOFT TECH. LTD,101000000018479,2026-08-27
ISGEC,NSE:ISGEC-EQ,INE858B01029,ISGEC HEAVY ENG LTD,10100000003329,2026-08-27
ISHANCH,NSE:ISHANCH-EQ,INE561M01018,ISHAN DYES N CHEMICALS L,101000000030249,2026-08-27
ISTLTD,NSE:ISTLTD-EQ,INE684B01029,I S T LTD.,1010000000764718,2026-08-27
ITC,NSE:ITC-EQ,INE154A01025,ITC LTD,10100000001660,2026-08-27
ITCHOTELS,NSE:ITCHOTELS-EQ,INE379A01028,ITC HOTELS LIMITED,101000000029251,2026-08-27
ITDC,NSE:ITDC-EQ,INE353K01014,INDIA TOUR. DEV. CO. LTD.,101000000019299,2026-08-27
ITI,NSE:ITI-EQ,INE248A01017,ITI LTD,10100000001675,2026-08-27
ITL,NSE:ITL-EQ,INE478D01014,ITL INDUSTRIES LTD.,1010000000764723,2026-08-27
IVALUE,NSE:IVALUE-EQ,INE056801025,IVALUE INFOSOLUTIONS LTD,1010000000759041,2026-08-27
IVC,NSE:IVC-EQ,INE050B01023,IL&FS INVESTMENT MANAGERS,10100000006711,2026-08-27
IWP,NSE:IWP-EQ,INE586E01020,INDIAN WOOD PRODUCTS CO L,1010000000762727,2026-08-27
IXIGO,NSE:IXIGO-EQ,INE0HV901016,LE TRAVENUES TECHNOLOGY L,101000000024067,2026-08-27
IZMO,NSE:IZMO-EQ,INE848A01014,IZMO LIMITED,101000000014174,2026-08-27
J&KBANK,NSE:J&KBANK-EQ,INE168A01041,J & K BANK LTD.,10100000005633,2026-08-27
JAGRAN,NSE:JAGRAN-EQ,INE199G01027,JAGRAN PRAKASHAN LIMITED,101000000013211,2026-08-27
JAGSNPHARM,NSE:JAGSNPHARM-EQ,INE048B01035,JAGSONPAL PHARMACEUTICALS,10100000004410,2026-08-27
JAIBALAJI,NSE:JAIBALAJI-EQ,INE091G01026,JAI BALAJI INDUSTRIES LTD,101000000011256,2026-08-27
JAICORPLTD,NSE:JAICORPLTD-EQ,INE070D01027,JAI CORP LIMITED,10100000005143,2026-08-27
JAINREC,NSE:JAINREC-EQ,INE0YD401026,JAIN RESOURCE RECYCLING L,1010000000759244,2026-08-27
JAIPURKURT,NSE:JAIPURKURT-EQ,INE696V01013,NANDANI CREATION LIMITED,10100000005516,2026-08-27
JAMNAAUTO,NSE:JAMNAAUTO-EQ,INE039C01032,JAMNA AUTO IND LTD,101000000020778,2026-08-27
JARO,NSE:JARO-EQ,INE00YJ01010,JARO INS OF TEC MG N RE L,1010000000759951,2026-08-27
JASH,NSE:JASH-EQ,INE039O01029,JASH ENGINEERING LIMITED,101000000013982,2026-08-27
JAYAGROGN,NSE:JAYAGROGN-EQ,INE785A01026,JAYANT AGRO ORGANICS LTD,10100000004041,2026-08-27
JAYBARMARU,NSE:JAYBARMARU-EQ,INE571B01036,JAY BHARAT MARUTI LTD,10100000001708,2026-08-27
JAYKAY,NSE:JAYKAY-EQ,INE903A01025,JAYKAY ENTERPRISES LTD,1010000000760073,2026-08-27
JAYNECOIND,NSE:JAYNECOIND-EQ,INE854B01010,JAYASWAL NECO INDUSTR LTD,10100000002331,2026-08-27
JAYSREETEA,NSE:JAYSREETEA-EQ,INE364A01020,JAYSHREE TEA & INDUSTRIES,10100000001720,2026-08-27
JBMA,NSE:JBMA-EQ,INE927D01051,JBM AUTO LIMITED,101000000011655,2026-08-27
JENBURPH,NSE:JENBURPH-EQ,INE354A01013,JENBURKT PHARMACEUTICAL L,1010000000764728,2026-08-27
JETFREIGHT,NSE:JETFREIGHT-EQ,INE982V01025,JET FREIGHT LOGISTICS LTD,10100000007211,2026-08-27
JGCHEM,NSE:JGCHEM-EQ,INE0MB501011,J.G.CHEMICALS LIMITED,101000000023056,2026-08-27
JHS,NSE:JHS-EQ,INE544H01014,JHS SVEND. LAB. LTD,101000000013720,2026-08-27
JINDALPHOT,NSE:JINDALPHOT-EQ,INE796G01012,JINDAL PHOTO LIMITED,101000000011743,2026-08-27
JINDALPOLY,NSE:JINDALPOLY-EQ,INE197D01010,JINDAL POLY FILMS LIMITED,10100000001756,2026-08-27
JINDALSAW,NSE:JINDALSAW-EQ,INE324A01032,JINDAL SAW LIMITED,10100000003024,2026-08-27
JINDALSTEL,NSE:JINDALSTEL-EQ,INE749A01030,JINDAL STEEL LIMITED,10100000006733,2026-08-27
JINDRILL,NSE:JINDRILL-EQ,INE742C01031,JINDAL DRILLING IND. LTD,101000000013875,2026-08-27
JINDWORLD,NSE:JINDWORLD-EQ,INE247D01039,JINDAL WORLDWIDE LTD,101000000020642,2026-08-27
JIOFIN,NSE:JIOFIN-EQ,INE758E01017,JIO FIN SERVICES LTD,101000000018143,2026-08-27
JISLJALEQS,NSE:JISLJALEQS-EQ,INE175A01038,JAIN IRRIGATION SYSTEMS,101000000010397,2026-08-27
JITFINFRA,NSE:JITFINFRA-EQ,INE863T01013,JITF INFRALOGISTICS LTD,101000000019691,2026-08-27
JKCEMENT,NSE:JKCEMENT-EQ,INE823G01014,JK CEMENT LIMITED,101000000013270,2026-08-27
JKIL,NSE:JKIL-EQ,INE576I01022,JKUMAR INFR.LTD.,101000000015266,2026-08-27
JKIPL,NSE:JKIPL-EQ,INE1FF001016,JINKUSHAL INDUSTRIES LTD,1010000000759205,2026-08-27
JKLAKSHMI,NSE:JKLAKSHMI-EQ,INE786A01032,JK LAKSHMI CEMENT LTD,101000000013491,2026-08-27
JKPAPER,NSE:JKPAPER-EQ,INE789E01012,JK PAPER LIMITED,101000000011860,2026-08-27
JKTYRE,NSE:JKTYRE-EQ,INE573A01042,JK TYRE & INDUSTRIES LTD,101000000014435,2026-08-27
JLHL,NSE:JLHL-EQ,INE682M01020,JUPITER LIFE LINE HOSP L,101000000018553,2026-08-27
JMA,NSE:JMA-EQ,INE412C01023,JULLUNDUR MOT AGENCY LTD,10100000007109,2026-08-27
JMFINANCIL,NSE:JMFINANCIL-EQ,INE780C01023,JM FINANCIAL LIMITED,101000000013637,2026-08-27
JNKINDIA,NSE:JNKINDIA-EQ,INE0OAF01028,JNK INDIA LIMITED,101000000023621,2026-08-27
JNPR,NSE:JNPR-EQ,INE05C901015,JUNIPER GREEN ENERGY LTD,1010000000764408,2026-08-27
JPOLYINVST,NSE:JPOLYINVST-EQ,INE147P01019,JIND POL INV & FIN CO LTD,101000000031507,2026-08-27
JPPOWER,NSE:JPPOWER-EQ,INE351F01018,JAIPRAKASH POWER VEN. LTD,101000000011763,2026-08-27
JSFB,NSE:JSFB-EQ,INE953L01027,JANA SMALL FIN BANK LTD,101000000022663,2026-08-27
JSL,NSE:JSL-EQ,INE220G01021,JINDAL STAINLESS LIMITED,101000000011236,2026-08-27
JSLL,NSE:JSLL-EQ,INE0J5801029,JEENA SIKHO LIFECARE LTD,1010000000758115,2026-08-27
JSWCEMENT,NSE:JSWCEMENT-EQ,INE718I01012,JSW CEMENT LIMITED,1010000000758460,2026-08-27
JSWDULUX,NSE:JSWDULUX-EQ,INE133A01011,JSW DULUX LIMITED,10100000001467,2026-08-27
JSWENERGY,NSE:JSWENERGY-EQ,INE121E01018,JSW ENERGY LIMITED,101000000017869,2026-08-27
JSWHL,NSE:JSWHL-EQ,INE824G01012,JSW HOLDINGS LIMITED,101000000011880,2026-08-27
JSWINFRA,NSE:JSWINFRA-EQ,INE880J01026,JSW INFRASTRUCTURE LTD,101000000019020,2026-08-27
JSWSTEEL,NSE:JSWSTEEL-EQ,INE019A01038,JSW STEEL LIMITED,101000000011723,2026-08-27
JTEKTINDIA,NSE:JTEKTINDIA-EQ,INE643A01035,JTEKT INDIA LIMITED,10100000003237,2026-08-27
JTLIND,NSE:JTLIND-EQ,INE391J01032,JTL INDUSTRIES LIMITED,10100000007287,2026-08-27
JUBLCPL,NSE:JUBLCPL-EQ,INE03CC01015,JUBILANT AGRI N CON PRO L,101000000029590,2026-08-27
JUBLFOOD,NSE:JUBLFOOD-EQ,INE797F01020,JUBILANT FOODWORKS LTD,101000000018096,2026-08-27
JUBLINGREA,NSE:JUBLINGREA-EQ,INE0BY001018,JUBILANT INGREVIA LIMITED,10100000002783,2026-08-27
JUBLPHARMA,NSE:JUBLPHARMA-EQ,INE700A01033,JUBILANT PHARMOVA LTD,10100000003637,2026-08-27
JUNIPER,NSE:JUNIPER-EQ,INE696F01016,JUNIPER HOTELS LIMITED,101000000022824,2026-08-27
JUSTDIAL,NSE:JUSTDIAL-EQ,INE599M01018,JUSTDIAL LTD.,101000000029962,2026-08-27
JWL,NSE:JWL-EQ,INE209L01016,JUPITER WAGONS LIMITED,101000000020224,2026-08-27
JYOTHYLAB,NSE:JYOTHYLAB-EQ,INE668F01031,JYOTHY LABS LIMITED,101000000015146,2026-08-27
JYOTICNC,NSE:JYOTICNC-EQ,INE980O01024,JYOTI CNC AUTOMATION LTD,101000000021334,2026-08-27
JYOTIRES,NSE:JYOTIRES-EQ,INE577D01013,JYOTI RESINS & ADHESIVE L,1010000000764733,2026-08-27
JYOTISTRUC,NSE:JYOTISTRUC-EQ,INE197A01024,JYOTI STRUCTURES LTD,10100000001802,2026-08-27
KABRAEXTRU,NSE:KABRAEXTRU-EQ,INE900B01029,KABRA EXTRUSION TECHNIK L,10100000001805,2026-08-27
KAJARIACER,NSE:KAJARIACER-EQ,INE217B01036,KAJARIA CERAMICS LTD,10100000001808,2026-08-27
KAKATCEM,NSE:KAKATCEM-EQ,INE437B01014,KAKATIYA CEM SUGAR &IND L,10100000001811,2026-08-27
KALAMANDIR,NSE:KALAMANDIR-EQ,INE438K01021,SAI SILKS (KALAMANDIR) L,101000000018755,2026-08-27
KALPATARU,NSE:KALPATARU-EQ,INE227J01012,KALPATARU LIMITED,1010000000758558,2026-08-27
KALYANIFRG,NSE:KALYANIFRG-EQ,INE314G01014,KALYANI FORGE LIMITED,101000000015156,2026-08-27
KALYANKJIL,NSE:KALYANKJIL-EQ,INE303R01014,KALYAN JEWELLERS IND LTD,10100000002955,2026-08-27
KAMAHOLD,NSE:KAMAHOLD-EQ,INE411F01010,KAMA HOLDINGS LTD.,1010000000762732,2026-08-27
KAMANWALA,NSE:KAMANWALA-EQ,INE344D01018,KAMANWALA HOUSING CONST L,1010000000764738,2026-08-27
KAMATHOTEL,NSE:KAMATHOTEL-EQ,INE967C01018,KAMAT HOTELS (I) LTD,10100000001826,2026-08-27
KAMOPAINTS,NSE:KAMOPAINTS-EQ,INE0BTI01037,KAMDHENU VENTURES LIMITED,101000000013814,2026-08-27
KANANIIND,NSE:KANANIIND-EQ,INE879E01037,KANANI INDUSTRIES LTD,101000000025786,2026-08-27
KANCHI,NSE:KANCHI-EQ,INE081G01019,KANCHI KARPOORAM LTD.,1010000000762737,2026-08-27
KANCOTEA,NSE:KANCOTEA-EQ,INE398L01017,KANCO TEA & INDS. LTD.,1010000000765090,2026-08-27
KANPRPLA,NSE:KANPRPLA-EQ,INE694E01014,KANPUR PLASTIPACK LIMITED,10100000001782,2026-08-27
KANSAINER,NSE:KANSAINER-EQ,INE531A01024,KANSAI NEROLAC PAINTS LTD,10100000001196,2026-08-27
KAPSTON,NSE:KAPSTON-EQ,INE542Z01028,KAPSTON SERVICES LIMITED,101000000018967,2026-08-27
KARMAENG,NSE:KARMAENG-EQ,INE725L01011,KARMA ENERGY LIMITED,101000000024385,2026-08-27
KARURVYSYA,NSE:KARURVYSYA-EQ,INE036D01028,KARUR VYSYA BANK LTD,10100000001838,2026-08-27
KAVDEFENCE,NSE:KAVDEFENCE-EQ,INE641C01019,KAVVERI DFS & WIR TEC LTD,101000000015244,2026-08-27
KAYNES,NSE:KAYNES-EQ,INE918Z01012,KAYNES TECHNOLOGY IND LTD,101000000012092,2026-08-27
KCP,NSE:KCP-EQ,INE805C01028,KCP LTD,10100000001841,2026-08-27
KDDL,NSE:KDDL-EQ,INE291D01011,KDDL LIMITED,101000000014908,2026-08-27
KEC,NSE:KEC-EQ,INE389H01022,KEC INTL. LIMITED,101000000013260,2026-08-27
KECL,NSE:KECL-EQ,INE134B01017,KIRLOSKAR ELECTRIC CO LTD,101000000018220,2026-08-27
KEEPLEARN,NSE:KEEPLEARN-EQ,INE055C01020,DSJ KEEP LEARNING LTD,1010000000778,2026-08-27
KEI,NSE:KEI-EQ,INE878B01027,KEI INDUSTRIES LTD.,101000000013310,2026-08-27
KELLTONTEC,NSE:KELLTONTEC-EQ,INE164B01030,KELLTON TECH SOL LTD,101000000013430,2026-08-27
KENNAMET,NSE:KENNAMET-EQ,INE717A01029,KENNAMETAL INDIA LIMITED,101000000011841,2026-08-27
KERNEX,NSE:KERNEX-EQ,INE202H01019,KERNEX MICROSYS(I) LTD,101000000013121,2026-08-27
KEYFINSERV,NSE:KEYFINSERV-EQ,INE681C01015,KEYNOTE FIN SERV LTD.,10100000004157,2026-08-27
KFINTECH,NSE:KFINTECH-EQ,INE138Y01010,KFIN TECHNOLOGIES LIMITED,101000000013359,2026-08-27
KHAICHEM,NSE:KHAICHEM-EQ,INE745B01028,KHAITAN CHEM & FERT LTD,1010000000896,2026-08-27
KHAITANLTD,NSE:KHAITANLTD-EQ,INE731C01018,KHAITAN (INDIA)LTD.,10100000003912,2026-08-27
KHANDSE,NSE:KHANDSE-EQ,INE060B01014,KHANDWALA SECURITIES LTD,10100000009641,2026-08-27
KICL,NSE:KICL-EQ,INE029L01018,KALYANI INVEST CO LTD,101000000021119,2026-08-27
KIMS,NSE:KIMS-EQ,INE967H01025,KRISHNA INST OF MED SCI L,10100000004847,2026-08-27
KINGFA,NSE:KINGFA-EQ,INE473D01015,KINGFA SCI & TEC IND LTD.,101000000018944,2026-08-27
KIOCL,NSE:KIOCL-EQ,INE880L01014,KIOCL LIMITED,101000000019126,2026-08-27
KIRANVYPAR,NSE:KIRANVYPAR-EQ,INE555P01013,KIRAN VYAPAR LTD.,1010000000762742,2026-08-27
KIRIINDUS,NSE:KIRIINDUS-EQ,INE415I01015,KIRI INDUSTRIES LIMITED,101000000016639,2026-08-27
KIRLFER,NSE:KIRLFER-EQ,INE884B01025,KIRLOSKAR FERROUS IND LTD,101000000014466,2026-08-27
KIRLOSBROS,NSE:KIRLOSBROS-EQ,INE732A01036,KIRLOSKAR BROTHERS LTD,101000000018581,2026-08-27
KIRLOSENG,NSE:KIRLOSENG-EQ,INE146L01010,KIRLOSKAR OIL ENG LTD,101000000020936,2026-08-27
KIRLOSIND,NSE:KIRLOSIND-EQ,INE250A01039,KIRLOSKAR INDUSTRIES LTD,101000000019025,2026-08-27
KIRLPNU,NSE:KIRLPNU-EQ,INE811A01038,KIRLOSKAR PNEUMATIC COM L,101000000015180,2026-08-27
KISSHT,NSE:KISSHT-EQ,INE12F801023,ONEMI TECHNOLOGY SOL LTD,1010000000763294,2026-08-27
KITEX,NSE:KITEX-EQ,INE602G01020,KITEX GARMENTS LTD,101000000028899,2026-08-27
KJMCFIN,NSE:KJMCFIN-EQ,INE533C01018,K J M C FINANCIAL SERV L,1010000000764743,2026-08-27
KKCL,NSE:KKCL-EQ,INE401H01017,KEWAL KIRAN CLOTHING LTD,101000000013381,2026-08-27
KLBRENG-B,NSE:KLBRENG-B-EQ,INE338F01015,KILBURN ENGINEERING LTD.,1010000000762747,2026-08-27
KMCSHIL,NSE:KMCSHIL-EQ,INE879K01018,K M C SPECIALITY HOSP I L,1010000000764748,2026-08-27
KMEW,NSE:KMEW-EQ,INE0CJD01029,KNOWLEDGE MARINE & EN W L,101000000027084,2026-08-27
KMSUGAR,NSE:KMSUGAR-EQ,INE157H01023,K M SUGAR MILLS LTD,101000000014667,2026-08-27
KNACK,NSE:KNACK-EQ,INE17QZ01016,KNACK PACKAGING LIMITED,1010000000763839,2026-08-27
KNAGRI,NSE:KNAGRI-EQ,INE0KNW01016,KN AGRI RESOURCES LIMITED,1010000000760923,2026-08-27
KNRCON,NSE:KNRCON-EQ,INE634I01029,KNR CONSTRU LTD.,101000000015283,2026-08-27
KOHINOOR,NSE:KOHINOOR-EQ,INE080B01012,KOHINOOR FOODS LIMITED,10100000003009,2026-08-27
KOKUYOCMLN,NSE:KOKUYOCMLN-EQ,INE760A01029,KOKUYO CAMLIN LIMITED,101000000016827,2026-08-27
KOLTEPATIL,NSE:KOLTEPATIL-EQ,INE094I01018,KOLTE PATIL DEV. LTD.,101000000015124,2026-08-27
KOTAKBANK,NSE:KOTAKBANK-EQ,INE237A01036,KOTAK MAHINDRA BANK LTD,10100000001922,2026-08-27
KOTHARIPET,NSE:KOTHARIPET-EQ,INE720A01015,KOTHARI PETROCHEM LTD,10100000004594,2026-08-27
KOTHARIPRO,NSE:KOTHARIPRO-EQ,INE823A01017,KOTHARI PRODUCTS LTD,10100000005528,2026-08-27
KOTIC,NSE:KOTIC-EQ,INE972A01020,KOTHARI INDUSTRIAL CORP L,1010000000762752,2026-08-27
KOVAI,NSE:KOVAI-EQ,INE177F01017,KOVAI MEDICAL CENTER & HO,10100000005192,2026-08-27
KPEL,NSE:KPEL-EQ,INE127T01021,K.P. ENERGY LIMITED,101000000027079,2026-08-27
KPIGREEN,NSE:KPIGREEN-EQ,INE542W01025,KPI GREEN ENERGY LIMITED,10100000005108,2026-08-27
KPIL,NSE:KPIL-EQ,INE220B01022,KALPATARU PROJECT INT LTD,10100000001814,2026-08-27
KPITTECH,NSE:KPITTECH-EQ,INE04I401011,KPIT TECHNOLOGIES LIMITED,10100000009683,2026-08-27
KPL,NSE:KPL-EQ,INE552U01010,KWALITY PHARMACEUTICALS L,1010000000762757,2026-08-27
KPRMILL,NSE:KPRMILL-EQ,INE930H01031,KPR MILL LTD.,101000000014912,2026-08-27
KRBL,NSE:KRBL-EQ,INE001B01026,KRBL LIMITED,101000000010577,2026-08-27
KREBSBIO,NSE:KREBSBIO-EQ,INE268B01013,KREBS BIOCHEMICALS & IND,10100000001937,2026-08-27
KRISHANA,NSE:KRISHANA-EQ,INE506W01020,KRISHANA PHOSCHEM LIMITED,101000000012847,2026-08-27
KRISHIVAL,NSE:KRISHIVAL-EQ,INE0GGO01015,KRISHIVAL FOODS LIMITED,1010000000756782,2026-08-27
KRISHNADEF,NSE:KRISHNADEF-EQ,INE0J5601015,KRISHNA DEF AND ALD IND L,1010000000761192,2026-08-27
KRITI,NSE:KRITI-EQ,INE479D01038,KRITI INDUSTRIES IND LTD,10100000006417,2026-08-27
KRITIKA,NSE:KRITIKA-EQ,INE00Z501029,KRITIKA WIRES LIMITED,10100000009288,2026-08-27
KRITINUT,NSE:KRITINUT-EQ,INE798K01010,KRITI NUTRIENTS LIMITED,101000000011432,2026-08-27
KRN,NSE:KRN-EQ,INE0Q3J01015,KRN HEAT EXCHANGE N REF L,101000000025643,2026-08-27
KROSS,NSE:KROSS-EQ,INE0O6601022,KROSS LIMITED,101000000025252,2026-08-27
KRSNAA,NSE:KRSNAA-EQ,INE08LI01020,KRSNAA DIAGNOSTICS LTD,10100000005359,2026-08-27
KRYSTAL,NSE:KRYSTAL-EQ,INE0QN801017,KRYSTAL INTEGRATED SER L,101000000023175,2026-08-27
KSB,NSE:KSB-EQ,INE999A01023,KSB LIMITED,10100000001949,2026-08-27
KSCL,NSE:KSCL-EQ,INE455I01029,KAVERI SEED CO. LTD.,101000000014972,2026-08-27
KSE,NSE:KSE-EQ,INE953E01022,KSE LTD.,1010000000764753,2026-08-27
KSHINTL,NSE:KSHINTL-EQ,INE987S01020,KSH INTERNATIONAL LIMITED,1010000000760433,2026-08-27
KSHITIJPOL,NSE:KSHITIJPOL-EQ,INE013801027,KSHITIJ POLYLINE LIMITED,101000000010407,2026-08-27
KSL,NSE:KSL-EQ,INE907A01026,KALYANI STEELS LIMITED,101000000018889,2026-08-27
KSOLVES,NSE:KSOLVES-EQ,INE0D6I01023,KSOLVES INDIA LIMITED,101000000011060,2026-08-27
KSR,NSE:KSR-EQ,INE1SPP01016,KSR FOOTWEAR LIMITED,1010000000759987,2026-08-27
KTKBANK,NSE:KTKBANK-EQ,INE614B01018,KARNATAKA BANK LIMITED,10100000008054,2026-08-27
KUANTUM,NSE:KUANTUM-EQ,INE529I01021,KUANTUM PAPERS LIMITED,101000000013870,2026-08-27
KUSUMGAR,NSE:KUSUMGAR-EQ,INE0ISX01025,KUSUMGAR LIMITED,1010000000764116,2026-08-27
KWIL,NSE:KWIL-EQ,INE2KCE01013,KWALITY WALL'S (INDIA) L,1010000000760946,2026-08-27
LADDERUP,NSE:LADDERUP-EQ,INE519D01015,LADDERUP FINANCE LTD.,1010000000764758,2026-08-27
LAGNAM,NSE:LAGNAM-EQ,INE548Z01017,LAGNAM SPINTEX LIMITED,10100000005865,2026-08-27
LAHOTIOV,NSE:LAHOTIOV-EQ,INE515C01023,LAHOTI OVERSEAS LTD.,1010000000762762,2026-08-27
LAKSHMIMIL,NSE:LAKSHMIMIL-EQ,INE938C01019,LAKSHMI MILLS CO. LTD.,1010000000764763,2026-08-27
LAL,NSE:LAL-EQ,INE740X01023,LORENZINI APPARELS LTD,101000000014924,2026-08-27
LALITHAA,NSE:LALITHAA-EQ,INE0K9O01026,LALITHAA JEWELLERY MART L,1010000000765361,2026-08-27
LALPATHLAB,NSE:LALPATHLAB-EQ,INE600L01024,DR. LAL PATH LABS LTD.,101000000011654,2026-08-27
LAMBODHARA,NSE:LAMBODHARA-EQ,INE112F01022,LAMBODHARA TEXTILES LTD.,10100000006407,2026-08-27
LANCER,NSE:LANCER-EQ,INE359U01028,LANCER CONTAINER LINES L,10100000009392,2026-08-27
LANCORHOL,NSE:LANCORHOL-EQ,INE572G01025,LANCOR HOLDINGS LIMITED,101000000023027,2026-08-27
LANDMARK,NSE:LANDMARK-EQ,INE559R01029,LANDMARK CARS LIMITED,101000000013276,2026-08-27
LANDSMILL,NSE:LANDSMILL-EQ,INE688J01023,LANDSMILL GREEN LIMITED,101000000017376,2026-08-27
LAOPALA,NSE:LAOPALA-EQ,INE059D01020,LA OPALA RG LIMITED,101000000014423,2026-08-27
LASA,NSE:LASA-EQ,INE670X01014,LASA SUPERGENERICS LTD,101000000021713,2026-08-27
LASERPOWER,NSE:LASERPOWER-EQ,INE17IR01028,LASER POWER & INFRA LTD,1010000000764126,2026-08-27
LATENTVIEW,NSE:LATENTVIEW-EQ,INE0I7C01011,LATENT VIEW ANALYTICS LTD,10100000006818,2026-08-27
LATTEYS,NSE:LATTEYS-EQ,INE262Z01023,LATTEYS INDUSTRIES LTD,101000000015840,2026-08-27
LAURUSLABS,NSE:LAURUSLABS-EQ,INE947Q01028,LAURUS LABS LIMITED,101000000019234,2026-08-27
LAXMICOT,NSE:LAXMICOT-EQ,INE801V01019,LAXMI COTSPIN LIMITED,10100000006568,2026-08-27
LAXMIDENTL,NSE:LAXMIDENTL-EQ,INE0WO601020,LAXMI DENTAL LIMITED,101000000029171,2026-08-27
LAXMIINDIA,NSE:LAXMIINDIA-EQ,INE06WU01026,LAXMI INDIA FINANCE LTD,1010000000758863,2026-08-27
LCCINFOTEC,NSE:LCCINFOTEC-EQ,INE938A01021,LCC INFOTECH LTD,10100000007529,2026-08-27
LCL,NSE:LCL-EQ,INE0QJW01029,LOHIA CORP LIMITED,1010000000764296,2026-08-27
LEAPIND,NSE:LEAPIND-EQ,INE00GO01025,LEAP INDIA LIMITED,1010000000764523,2026-08-27
LEENEE,NSE:LEENEE-EQ,INE791B01014,LEE & NEE SOFTWARES (E) L,1010000000765095,2026-08-27
LEMERITE,NSE:LEMERITE-EQ,INE0G1L01025,LE MERITE EXPORTS LIMITED,1010000000760300,2026-08-27
LEMONTREE,NSE:LEMONTREE-EQ,INE970X01018,LEMON TREE HOTELS LTD,10100000002606,2026-08-27
LENSKART,NSE:LENSKART-EQ,INE956O01016,LENSKART SOLUTIONS LTD,1010000000759605,2026-08-27
LEXUS,NSE:LEXUS-EQ,INE500X01013,LEXUS GRANITO (INDIA) LTD,101000000014459,2026-08-27
LFIC,NSE:LFIC-EQ,INE850E01012,LAKSHMI FIN IND CORP LTD,10100000007902,2026-08-27
LGBBROSLTD,NSE:LGBBROSLTD-EQ,INE337A01034,LG BALAKRISHNAN & BROS,101000000018321,2026-08-27
LGEINDIA,NSE:LGEINDIA-EQ,INE324D01010,LG ELECTRONICS INDIA LTD,1010000000760213,2026-08-27
LGHL,NSE:LGHL-EQ,INE258Y01016,LAXMI GOLDORNA HOUSE LTD,101000000019876,2026-08-27
LIBAS,NSE:LIBAS-EQ,INE908V01012,LIBAS CONSU PRODUCTS LTD,101000000011082,2026-08-27
LIBERTSHOE,NSE:LIBERTSHOE-EQ,INE557B01019,LIBERTY SHOES LTD,10100000001994,2026-08-27
LICHSGFIN,NSE:LICHSGFIN-EQ,INE115A01026,LIC HOUSING FINANCE LTD,10100000001997,2026-08-27
LICI,NSE:LICI-EQ,INE0J1Y01017,LIFE INSURA CORP OF INDIA,10100000009480,2026-08-27
LIKHITHA,NSE:LIKHITHA-EQ,INE060901027,LIKHITHA INFRASTRUC LTD,1010000000578,2026-08-27
LINC,NSE:LINC-EQ,INE802B01027,LINC LIMITED,10100000006951,2026-08-27
LINCOLN,NSE:LINCOLN-EQ,INE405C01035,LINCOLN PHARMA LTD,101000000011596,2026-08-27
LINDEINDIA,NSE:LINDEINDIA-EQ,INE473A01011,LINDE INDIA LIMITED,10100000001627,2026-08-27
LKPSEC,NSE:LKPSEC-EQ,INE341H01023,L K P SECURITIES LTD.,1010000000765100,2026-08-27
LLOYDSENGG,NSE:LLOYDSENGG-EQ,INE093R01011,LLOYDS ENGG WORK LIMITED,101000000017801,2026-08-27
LLOYDSENT,NSE:LLOYDSENT-EQ,INE080I01025,LLOYDS ENTERPRISES LTD,101000000025807,2026-08-27
LLOYDSME,NSE:LLOYDSME-EQ,INE281B01032,LLOYDS METALS N ENERGY L,101000000017313,2026-08-27
LMW,NSE:LMW-EQ,INE269B01029,LMW LIMITED,10100000001979,2026-08-27
LODHA,NSE:LODHA-EQ,INE670K01029,LODHA DEVELOPERS LIMITED,10100000003220,2026-08-27
LORDSCHLO,NSE:LORDSCHLO-EQ,INE846D01012,LORDS CHLORO ALKALI LTD,101000000018232,2026-08-27
LOTUSCHO,NSE:LOTUSCHO-EQ,INE026D01011,LOTUS CHOCOLATE CO. LTD.,1010000000764768,2026-08-27
LOTUSEYE,NSE:LOTUSEYE-EQ,INE947I01017,LOTUS EYE HOSP & INST L,101000000016807,2026-08-27
LOVABLE,NSE:LOVABLE-EQ,INE597L01014,LOVABLE LINGERIE LTD,101000000022415,2026-08-27
LOYALTEX,NSE:LOYALTEX-EQ,INE970D01010,LOYAL TEXTILE MILLS LTD,101000000010590,2026-08-27
LPDC,NSE:LPDC-EQ,INE197J01017,LANDMARK PR.DEV.CO.LTD,101000000016863,2026-08-27
LT,NSE:LT-EQ,INE018A01030,LARSEN & TOUBRO LTD.,101000000011483,2026-08-27
LTF,NSE:LTF-EQ,INE498L01015,L&T FINANCE LIMITED,101000000024948,2026-08-27
LTFOODS,NSE:LTFOODS-EQ,INE818H01020,LT FOODS LIMITED,101000000013816,2026-08-27
LTM,NSE:LTM-EQ,INE214T01019,LTM LIMITED,101000000017818,2026-08-27
LTTS,NSE:LTTS-EQ,INE010V01017,L&T TECHNOLOGY SER. LTD.,101000000018564,2026-08-27
LUMAXIND,NSE:LUMAXIND-EQ,INE162B01018,LUMAX INDUSTRIES LTD,10100000002018,2026-08-27
LUMAXTECH,NSE:LUMAXTECH-EQ,INE872H01027,LUMAX AUTO TECH LTD,101000000014014,2026-08-27
LUPIN,NSE:LUPIN-EQ,INE326A01037,LUPIN LIMITED,101000000010440,2026-08-27
LUXIND,NSE:LUXIND-EQ,INE150G01020,LUX INDUSTRIES LIMITED,101000000011301,2026-08-27
LXCHEM,NSE:LXCHEM-EQ,INE576O01020,LAXMI ORGANIC INDUS LTD,10100000002841,2026-08-27
M&M,NSE:M&M-EQ,INE101A01026,MAHINDRA & MAHINDRA LTD,10100000002031,2026-08-27
M&MFIN,NSE:M&MFIN-EQ,INE774D01024,M&M FIN. SERVICES LTD,101000000013285,2026-08-27
MAANALU,NSE:MAANALU-EQ,INE215I01027,MAAN ALUMINIUM LIMITED,101000000015017,2026-08-27
MACPOWER,NSE:MACPOWER-EQ,INE155Z01011,MACPOWER CNC MACHINES LTD,101000000022347,2026-08-27
MADHAV,NSE:MADHAV-EQ,INE925C01016,MADHAV MARBLE & GRANITE,101000000015151,2026-08-27
MADHAVIPL,NSE:MADHAVIPL-EQ,INE631R01026,MADHAV INFRA PROJECTS L,1010000000762767,2026-08-27
MADRASFERT,NSE:MADRASFERT-EQ,INE414A01015,MADRAS FERTILISERS LTD,10100000004911,2026-08-27
MAFATIND,NSE:MAFATIND-EQ,INE270B01035,MAFATLAL INDUSTRIES LTD.,1010000000762772,2026-08-27
MAGADSUGAR,NSE:MAGADSUGAR-EQ,INE347W01011,MAGADH SUGAR & ENERGY LTD,101000000021392,2026-08-27
MAGNUM,NSE:MAGNUM-EQ,INE387I01016,MAGNUM VENTURES LTD.,101000000014957,2026-08-27
MAHABANK,NSE:MAHABANK-EQ,INE457A01014,BANK OF MAHARASHTRA,101000000011377,2026-08-27
MAHAPEXLTD,NSE:MAHAPEXLTD-EQ,INE843B01013,MAHA RASHTRA APEX COPR. L,10100000005239,2026-08-27
MAHEPC,NSE:MAHEPC-EQ,INE215D01010,MAHINDRA EPC IRRIG LTD,101000000017603,2026-08-27
MAHLIFE,NSE:MAHLIFE-EQ,INE813A01018,MAHINDRA LIFESPACE DEVLTD,10100000008050,2026-08-27
MAHLOG,NSE:MAHLOG-EQ,INE766P01016,MAHINDRA LOGISTIC LIMITED,1010000000385,2026-08-27
MAHSCOOTER,NSE:MAHSCOOTER-EQ,INE288A01013,MAHARASHTRA SCOOTERS LTD,10100000002085,2026-08-27
MAHSEAMLES,NSE:MAHSEAMLES-EQ,INE271B01025,MAHARASHTRA SEAMLESS LTD,10100000002088,2026-08-27
MAITHANALL,NSE:MAITHANALL-EQ,INE683C01011,MAITHAN ALLOYS LTD,101000000024538,2026-08-27
MAKERSL,NSE:MAKERSL-EQ,INE987A01010,MAKERS LABORATORIES LTD.,1010000000764773,2026-08-27
MALLCOM,NSE:MALLCOM-EQ,INE389C01015,MALLCOM (INDIA) LIMITED,10100000007965,2026-08-27
MALUPAPER,NSE:MALUPAPER-EQ,INE383H01017,MALU PAPER MILLS LIMITED,101000000013352,2026-08-27
MAMATA,NSE:MAMATA-EQ,INE0TO701015,MAMATA MACHINERY LIMITED,101000000028687,2026-08-27
MANAKALUCO,NSE:MANAKALUCO-EQ,INE859Q01017,MANAK ALUMINIUM CO. LTD.,10100000007420,2026-08-27
MANAKCOAT,NSE:MANAKCOAT-EQ,INE830Q01018,MAN COAT METAL & IND LTD,10100000007413,2026-08-27
MANAKSIA,NSE:MANAKSIA-EQ,INE015D01022,MANAKSIA LTD.,101000000015199,2026-08-27
MANAKSTEEL,NSE:MANAKSTEEL-EQ,INE824Q01011,MANAKSIA STEELS LTD,10100000007463,2026-08-27
MANALIPETC,NSE:MANALIPETC-EQ,INE201A01024,MANALI PETROCHEMICALS LT,101000000013796,2026-08-27
MANAPPURAM,NSE:MANAPPURAM-EQ,INE522D01027,MANAPPURAM FINANCE LTD,101000000019061,2026-08-27
MANBA,NSE:MANBA-EQ,INE939X01013,MANBA FINANCE LIMITED,101000000025597,2026-08-27
MANBRO,NSE:MANBRO-EQ,INE348N01042,MANBRO INDUSTRIES LTD.,1010000000765105,2026-08-27
MANCREDIT,NSE:MANCREDIT-EQ,INE545L01039,MANGAL CREDIT N FINCORP L,101000000024823,2026-08-27
MANGALAM,NSE:MANGALAM-EQ,INE584F01014,MANGALAM DRUG & CHEM LTD,101000000011817,2026-08-27
MANGLMCEM,NSE:MANGLMCEM-EQ,INE347A01017,MANGALAM CEMENT LTD,10100000002106,2026-08-27
MANINDS,NSE:MANINDS-EQ,INE993A01026,MAN INDUSTRIES (I) LTD.,101000000011884,2026-08-27
MANINFRA,NSE:MANINFRA-EQ,INE949H01023,MAN INFRA LTD,101000000018226,2026-08-27
MANIPALHOS,NSE:MANIPALHOS-EQ,INE459N01021,MANIPAL HEALTH ENTERPRI L,1010000000764357,2026-08-27
MANKIND,NSE:MANKIND-EQ,INE634S01028,MANKIND PHARMA LIMITED,101000000015380,2026-08-27
MANOMAY,NSE:MANOMAY-EQ,INE784W01015,MANOMAY TEX INDIA LTD,101000000013753,2026-08-27
MANORAMA,NSE:MANORAMA-EQ,INE00VM01036,MANORAMA INDUSTRIES LTD,101000000010227,2026-08-27
MANORG,NSE:MANORG-EQ,INE370D01013,MANGALAM ORGANICS LIMITED,10100000006422,2026-08-27
MANYAVAR,NSE:MANYAVAR-EQ,INE825V01034,VEDANT FASHIONS LIMITED,10100000008167,2026-08-27
MAPMYINDIA,NSE:MAPMYINDIA-EQ,INE0BV301023,C.E. INFO SYSTEMS LIMITED,10100000007227,2026-08-27
MARALOVER,NSE:MARALOVER-EQ,INE882A01013,MARAL OVERSEAS LTD,10100000002112,2026-08-27
MARATHON,NSE:MARATHON-EQ,INE182D01020,MARATHON NXTGEN REALT LTD,101000000018659,2026-08-27
MARICO,NSE:MARICO-EQ,INE196A01026,MARICO LIMITED,10100000004067,2026-08-27
MARINE,NSE:MARINE-EQ,INE01JE01028,MARINE ELECTRICAL (I) LTD,10100000001328,2026-08-27
MARKOLINES,NSE:MARKOLINES-EQ,INE0FW001016,MARKOLINES PAVEMENT TEC L,1010000000760204,2026-08-27
MARKSANS,NSE:MARKSANS-EQ,INE750C01026,MARKSANS PHARMA LIMITED,101000000010579,2026-08-27
MARSONS,NSE:MARSONS-EQ,INE415B01044,MARSONS LIMITED,1010000000761386,2026-08-27
MARUTI,NSE:MARUTI-EQ,INE585B01010,MARUTI SUZUKI INDIA LTD.,101000000010999,2026-08-27
MASFIN,NSE:MASFIN-EQ,INE348L01012,MAS FINANCIAL SERV LTD,1010000000199,2026-08-27
MASKINVEST,NSE:MASKINVEST-EQ,INE885F01015,MASK INVESTMENTS LIMITED,101000000018727,2026-08-27
MASTEK,NSE:MASTEK-EQ,INE759A01021,MASTEK LTD,10100000002124,2026-08-27
MASTERTR,NSE:MASTERTR-EQ,INE677D01037,MASTER TRUST LIMITED,101000000027047,2026-08-27
MATRIMONY,NSE:MATRIMONY-EQ,INE866R01028,MATRIMONY.COM LIMITED,101000000021726,2026-08-27
MAWANASUG,NSE:MAWANASUG-EQ,INE636A01039,MAWANA SUGARS LIMITED,101000000017022,2026-08-27
MAXESTATES,NSE:MAXESTATES-EQ,INE03EI01018,MAX ESTATES LIMITED,101000000019646,2026-08-27
MAXHEALTH,NSE:MAXHEALTH-EQ,INE027H01010,MAX HEALTHCARE INS LTD,101000000022377,2026-08-27
MAXIND,NSE:MAXIND-EQ,INE0CG601016,MAX INDIA LIMITED,101000000022428,2026-08-27
MAYURUNIQ,NSE:MAYURUNIQ-EQ,INE040D01038,MAYUR UNIQUOTERS LTD,101000000028906,2026-08-27
MAZDOCK,NSE:MAZDOCK-EQ,INE249Z01020,MAZAGON DOCK SHIPBUIL LTD,1010000000509,2026-08-27
MBAPL,NSE:MBAPL-EQ,INE900L01028,MADHYA BHARAT AGRO P. LTD,101000000012686,2026-08-27
MBEL,NSE:MBEL-EQ,INE08N601015,M AND B ENGINEERING LTD,1010000000758150,2026-08-27
MBLINFRA,NSE:MBLINFRA-EQ,INE912H01013,MBL INFRASTRUCTURE LTD,101000000018029,2026-08-27
MCCHRLS-B,NSE:MCCHRLS-B-EQ,INE435D01014,MAC CHARLES (INDIA) LTD.,1010000000762782,2026-08-27
MCL,NSE:MCL-EQ,INE813V01022,M TEK COPPER LIMITED,101000000022360,2026-08-27
MCLEODRUSS,NSE:MCLEODRUSS-EQ,INE942G01012,MCLEOD RUSSEL INDIA LTD.,101000000011943,2026-08-27
MCLOUD,NSE:MCLOUD-EQ,INE613C01026,MAGELLANIC CLOUD LIMITED,101000000029482,2026-08-27
MCX,NSE:MCX-EQ,INE745G01043,MULTI COMMODITY EXCHANGE,101000000031181,2026-08-27
MEDANTA,NSE:MEDANTA-EQ,INE474Q01031,GLOBAL HEALTH LIMITED,101000000011956,2026-08-27
MEDIASSIST,NSE:MEDIASSIST-EQ,INE456Z01021,MEDI ASSIST HEALTH SER L,101000000021705,2026-08-27
MEDICAMEQ,NSE:MEDICAMEQ-EQ,INE646B01010,MEDICAMEN BIOTECH LIMITED,10100000006278,2026-08-27
MEDICAPQ,NSE:MEDICAPQ-EQ,INE442D01010,MEDI CAPS LTD.,1010000000765110,2026-08-27
MEDICO,NSE:MEDICO-EQ,INE630Y01024,MEDICO REMEDIES LIMITED,10100000009667,2026-08-27
MEDPLUS,NSE:MEDPLUS-EQ,INE804L01022,MEDPLUS HEALTH SERV LTD,10100000007254,2026-08-27
MEESHO,NSE:MEESHO-EQ,INE0VDM01015,MEESHO LIMITED,1010000000760229,2026-08-27
MEGASTAR,NSE:MEGASTAR-EQ,INE00EM01016,MEGASTAR FOODS LIMITED,10100000008153,2026-08-27
MEIL,NSE:MEIL-EQ,INE0PKD01011,MANGAL ELECTRICAL IND L,1010000000758748,2026-08-27
MENNPIS,NSE:MENNPIS-EQ,INE650G01029,MENON PISTONS LTD.,1010000000762787,2026-08-27
MERCANTILE,NSE:MERCANTILE-EQ,INE689O01013,MERCANTILE VENTURES LTD.,1010000000762792,2026-08-27
MERCURYEV,NSE:MERCURYEV-EQ,INE763M01028,MERCURY EV-TECH LIMITED,1010000000763663,2026-08-27
METROBRAND,NSE:METROBRAND-EQ,INE317I01021,METRO BRANDS LIMITED,10100000007242,2026-08-27
METROGLOBL,NSE:METROGLOBL-EQ,INE085D01033,METROGLOBAL LTD.,1010000000762797,2026-08-27
METROPOLIS,NSE:METROPOLIS-EQ,INE112L01020,METROPOLIS HEALTHCARE LTD,10100000009581,2026-08-27
MFML,NSE:MFML-EQ,INE0US801024,MAHALAXMI FABRIC MILLS LT,101000000024937,2026-08-27
MFSL,NSE:MFSL-EQ,INE180A01020,MAX FINANCIAL SERV LTD,10100000002142,2026-08-27
MGL,NSE:MGL-EQ,INE002S01010,MAHANAGAR GAS LTD.,101000000017534,2026-08-27
MHRIL,NSE:MHRIL-EQ,INE998I01010,MAHINDRA HOLIDAYS LTD,101000000017333,2026-08-27
MIDHANI,NSE:MIDHANI-EQ,INE099Z01011,MISHRA DHATU NIGAM LTD,10100000002463,2026-08-27
MIDWESTLTD,NSE:MIDWESTLTD-EQ,INE0XAD01024,MIDWEST LIMITED,1010000000759517,2026-08-27
MIIL,NSE:MIIL-EQ,INE898Q01015,MEGHNA INFRACON INFRA L,1010000000764778,2026-08-27
MILKYMIST,NSE:MILKYMIST-EQ,INE00IT01020,MILKY MIST DAIRY FOOD L,1010000000765272,2026-08-27
MINDACORP,NSE:MINDACORP-EQ,INE842C01021,MINDA CORPORATION LTD,101000000025897,2026-08-27
MINDTECK,NSE:MINDTECK-EQ,INE110B01017,MINDTECK (INDIA) LIMITED,101000000018049,2026-08-27
MIRZAINT,NSE:MIRZAINT-EQ,INE771A01026,MIRZA INTERNATIONAL LIMIT,10100000004394,2026-08-27
MITTAL,NSE:MITTAL-EQ,INE997Y01027,MITTAL LIFE STYLE LIMITED,101000000018562,2026-08-27
MKEXIM,NSE:MKEXIM-EQ,INE227F01010,M K EXIM (INDIA) LTD.,1010000000765120,2026-08-27
MKPL,NSE:MKPL-EQ,INE964W01021,M K PROTEINS LIMITED,101000000016736,2026-08-27
MLKFOOD,NSE:MLKFOOD-EQ,INE588G01021,MILKFOOD LTD.,1010000000765125,2026-08-27
MMFL,NSE:MMFL-EQ,INE227C01017,MM FORGINGS LTD,101000000013844,2026-08-27
MMP,NSE:MMP-EQ,INE511Y01018,MMP INDUSTRIES LIMITED,101000000016395,2026-08-27
MMTC,NSE:MMTC-EQ,INE123F01029,MMTC LIMITED,101000000017957,2026-08-27
MMWL,NSE:MMWL-EQ,INE200D01020,MEDIA MATRIX WORLDWIDE L,1010000000762802,2026-08-27
MOBIKWIK,NSE:MOBIKWIK-EQ,INE0HLU01028,ONE MOBIKWIK SYSTEMS LTD,101000000028046,2026-08-27
MODIRUBBER,NSE:MODIRUBBER-EQ,INE832A01018,MODI RUBBER LTD,10100000002229,2026-08-27
MODIS,NSE:MODIS-EQ,INE0L0L01012,MODIS NAVNIRMAN LTD,1010000000759752,2026-08-27
MODTHREAD,NSE:MODTHREAD-EQ,INE794W01014,MODERN THREADS INDIA LTD,10100000002241,2026-08-27
MOHITE,NSE:MOHITE-EQ,INE154B01023,MOHITE INDUSTRIES LTD.,1010000000765130,2026-08-27
MOHITIND,NSE:MOHITIND-EQ,INE954E01012,MOHIT INDUSTRIES LTD,101000000029423,2026-08-27
MOIL,NSE:MOIL-EQ,INE490G01020,MOIL LIMITED,101000000020830,2026-08-27
MOKSH,NSE:MOKSH-EQ,INE514Y01020,MOKSH ORNAMENTS LIMITED,10100000003586,2026-08-27
MOL,NSE:MOL-EQ,INE0CT101020,MEGHMANI ORGANICS LIMITED,10100000005394,2026-08-27
MOLBIO,NSE:MOLBIO-EQ,INE869T01028,MOLBIO DIAGNOSTICS LTD,1010000000764548,2026-08-27
MOLDTKPAC,NSE:MOLDTKPAC-EQ,INE893J01029,MOLD-TEK PACKAGING LTD,10100000006713,2026-08-27
MONARCH,NSE:MONARCH-EQ,INE903D01011,MONARCH NETWORTH CAP LTD,10100000007679,2026-08-27
MONEYBOXX,NSE:MONEYBOXX-EQ,INE296Q01012,MONEYBOXX FINANCE LIMITED,1010000000759381,2026-08-27
MONTECARLO,NSE:MONTECARLO-EQ,INE950M01013,MONTE CARLO FASHIONS LTD.,10100000005938,2026-08-27
MOREPENLAB,NSE:MOREPENLAB-EQ,INE083A01026,MOREPEN LAB. LTD,10100000002259,2026-08-27
MOSCHIP,NSE:MOSCHIP-EQ,INE935B01025,MOSCHIP TECHNOLOGIES LTD,101000000029459,2026-08-27
MOTHERSON,NSE:MOTHERSON-EQ,INE775A01035,SAMVRDHNA MTHRSN INTL LTD,10100000004204,2026-08-27
MOTILALOFS,NSE:MOTILALOFS-EQ,INE338I01027,MOTILAL OSWAL FIN LTD,101000000014947,2026-08-27
MOTISONS,NSE:MOTISONS-EQ,INE0FRK01020,MOTISONS JEWELLERS LTD,101000000020788,2026-08-27
MPHASIS,NSE:MPHASIS-EQ,INE356A01018,MPHASIS LIMITED,10100000004503,2026-08-27
MPSLTD,NSE:MPSLTD-EQ,INE943D01017,MPS LIMITED,101000000010578,2026-08-27
MRF,NSE:MRF-EQ,INE883A01011,MRF LTD,10100000002277,2026-08-27
MRPL,NSE:MRPL-EQ,INE103A01014,MRPL,10100000002283,2026-08-27
MSL,NSE:MSL-EQ,INE829S01016,MANGALAM SEEDS LTD.,1010000000764783,2026-08-27
MSPL,NSE:MSPL-EQ,INE752G01015,MSP STEEL & POWER LTD.,101000000011919,2026-08-27
MSTCLTD,NSE:MSTCLTD-EQ,INE255X01014,MSTC LIMITED,10100000009356,2026-08-27
MSUMI,NSE:MSUMI-EQ,INE0FS801015,MOTHERSON SUMI WRNG IND L,10100000008596,2026-08-27
MTNL,NSE:MTNL-EQ,INE153A01019,MAHANAGAR TELEPHONE NIGAM,10100000002294,2026-08-27
MUFIN,NSE:MUFIN-EQ,INE08KJ01020,MUFIN GREEN FINANCE LTD,101000000019783,2026-08-27
MUFTI,NSE:MUFTI-EQ,INE220Q01020,CREDO BRANDS MARKETING L,101000000020878,2026-08-27
MUKANDLTD,NSE:MUKANDLTD-EQ,INE304A01026,MUKAND LTD.,101000000011325,2026-08-27
MUKESHB,NSE:MUKESHB-EQ,INE596B01017,MUKESH BABU FINANC SER L,1010000000764788,2026-08-27
MUKKA,NSE:MUKKA-EQ,INE0CG401037,MUKKA PROTEINS LIMITED,101000000022980,2026-08-27
MUNJALAU,NSE:MUNJALAU-EQ,INE672B01032,MUNJAL AUTO IND. LTD.,101000000013511,2026-08-27
MUNJALSHOW,NSE:MUNJALSHOW-EQ,INE577A01027,MUNJAL SHOWA LTD,10100000002307,2026-08-27
MURUDCERA,NSE:MURUDCERA-EQ,INE692B01014,MURUDESHWAR CERAMICS LTD,10100000002313,2026-08-27
MUTHOOTCAP,NSE:MUTHOOTCAP-EQ,INE296G01013,MUTHOOT CAP SERV LTD,101000000010415,2026-08-27
MUTHOOTFIN,NSE:MUTHOOTFIN-EQ,INE414G01012,MUTHOOT FINANCE LIMITED,101000000023650,2026-08-27
MUTHOOTMF,NSE:MUTHOOTMF-EQ,INE046W01019,MUTHOOT MICROFIN LIMITED,101000000020831,2026-08-27
MVELECTRO,NSE:MVELECTRO-EQ,INE0OWZ01020,MV ELECTROSYSTEMS LIMITED,1010000000764397,2026-08-27
MVGJL,NSE:MVGJL-EQ,INE0KNT01012,MANOJ VAIBHAV GEM N JEW L,101000000019015,2026-08-27
MWL,NSE:MWL-EQ,INE0JYY01029,MANGALAM WORLDWIDE LTD,1010000000759169,2026-08-27
NACLIND,NSE:NACLIND-EQ,INE295D01020,NACL INDUSTRIES LIMITED,101000000020425,2026-08-27
NAGREEKCAP,NSE:NAGREEKCAP-EQ,INE245I01016,NAGREEKA CAP & INFR.LTD,101000000014942,2026-08-27
NAGREEKEXP,NSE:NAGREEKEXP-EQ,INE123B01028,NAGREEKA EXPORTS LTD.,101000000014702,2026-08-27
NAHARCAP,NSE:NAHARCAP-EQ,INE049I01012,NAHAR CAP & FIN.,101000000015360,2026-08-27
NAHARINDUS,NSE:NAHARINDUS-EQ,INE289A01011,NAHAR INDS ENT LTD,101000000013106,2026-08-27
NAHARPOLY,NSE:NAHARPOLY-EQ,INE308A01027,NAHAR POLY FILMS LIMITED,101000000014445,2026-08-27
NAHARSPING,NSE:NAHARSPING-EQ,INE290A01027,NAHAR SPINNING MILLS LTD.,101000000014440,2026-08-27
NAM-INDIA,NSE:NAM-INDIA-EQ,INE298J01013,NIPPON L I A M LTD,1010000000357,2026-08-27
NARMADA,NSE:NARMADA-EQ,INE117Z01029,NARMADA AGROBASE LIMITED,101000000011627,2026-08-27
NATCAPSUQ,NSE:NATCAPSUQ-EQ,INE936B01015,NATURAL CAPSULES LIMITED,101000000029583,2026-08-27
NATCOPHARM,NSE:NATCOPHARM-EQ,INE987B01026,NATCO PHARMA LTD.,10100000003918,2026-08-27
NATHBIOGEN,NSE:NATHBIOGEN-EQ,INE448G01010,NATH BIO-GENES (I) LTD,101000000011065,2026-08-27
NATIONALUM,NSE:NATIONALUM-EQ,INE139A01034,NATIONAL ALUMINIUM CO LTD,10100000006364,2026-08-27
NATIONSTD,NSE:NATIONSTD-EQ,INE166R01015,NATIONAL STAND (INDIA) L,1010000000762807,2026-08-27
NAUKRI,NSE:NAUKRI-EQ,INE663F01032,INFO EDGE (I) LTD,101000000013751,2026-08-27
NAVA,NSE:NAVA-EQ,INE725A01030,NAVA LIMITED,10100000004014,2026-08-27
NAVINFLUOR,NSE:NAVINFLUOR-EQ,INE048G01026,NAVIN FLUORINE INT. LTD,101000000014672,2026-08-27
NAVKARCORP,NSE:NAVKARCORP-EQ,INE278M01019,NAVKAR CORPORATION LTD.,101000000010557,2026-08-27
NAVNETEDUL,NSE:NAVNETEDUL-EQ,INE060A01024,NAVNEET EDUCATION LTD,10100000002385,2026-08-27
NAZARA,NSE:NAZARA-EQ,INE418L01047,NAZARA TECHNOLOGIES LTD,10100000002987,2026-08-27
NBCC,NSE:NBCC-EQ,INE095N01031,NBCC (INDIA) LIMITED,101000000031415,2026-08-27
NBIFIN,NSE:NBIFIN-EQ,INE365I01020,N.B.I. IND. FIN. CO. LTD,101000000019111,2026-08-27
NCC,NSE:NCC-EQ,INE868B01028,NCC LIMITED,10100000002319,2026-08-27
NCLIND,NSE:NCLIND-EQ,INE732C01016,NCL INDUSTRIES LIMITED,101000000014490,2026-08-27
NDGL,NSE:NDGL-EQ,INE756C01015,NAGA DHUNSERI GROUP LTD,101000000018371,2026-08-27
NDL,NSE:NDL-EQ,INE875G01048,NANDAN DENIM LIMITED,101000000031258,2026-08-27
NDLVENTURE,NSE:NDLVENTURE-EQ,INE353A01023,NDL VENTURES LIMITED,101000000014547,2026-08-27
NDRAUTO,NSE:NDRAUTO-EQ,INE07OG01012,NDR AUTO COMPONENTS LTD,101000000022255,2026-08-27
NDTV,NSE:NDTV-EQ,INE155G01029,NDTV LTD,101000000011427,2026-08-27
NEAGI,NSE:NEAGI-EQ,INE605D01012,NEELAMALAI AGRO INDS. L,1010000000762812,2026-08-27
NECLIFE,NSE:NECLIFE-EQ,INE023H01027,NECTAR LIFESCIENCES LTD.,101000000011927,2026-08-27
NELCAST,NSE:NELCAST-EQ,INE189I01024,NELCAST LIMITED,101000000014761,2026-08-27
NELCO,NSE:NELCO-EQ,INE045B01015,NELCO LTD,10100000002388,2026-08-27
NEOGEN,NSE:NEOGEN-EQ,INE136S01016,NEOGEN CHEMICALS LIMITED,10100000009917,2026-08-27
NEPHROPLUS,NSE:NEPHROPLUS-EQ,INE428V01029,NEPHROCARE HEALTH SERV L,1010000000760346,2026-08-27
NESCO,NSE:NESCO-EQ,INE317F01035,NESCO LTD.,101000000015409,2026-08-27
NESTLEIND,NSE:NESTLEIND-EQ,INE239A01024,NESTLE INDIA LIMITED,101000000017963,2026-08-27
NETWEB,NSE:NETWEB-EQ,INE0NT901020,NETWEB TECH INDIA LTD,101000000017433,2026-08-27
NETWORK18,NSE:NETWORK18-EQ,INE870H01013,NETWORK18 MEDIA & INV LTD,101000000014111,2026-08-27
NEULANDLAB,NSE:NEULANDLAB-EQ,INE794A01010,NEULAND LAB LTD.,10100000002406,2026-08-27
NEWGEN,NSE:NEWGEN-EQ,INE619B01017,NEWGEN SOFTWARE TECH LTD,10100000001164,2026-08-27
NEXTMEDIA,NSE:NEXTMEDIA-EQ,INE747B01016,NEXT MEDIAWORKS LIMITED,10100000009867,2026-08-27
NFL,NSE:NFL-EQ,INE870D01012,NATIONAL FERT. LTD,101000000013925,2026-08-27
NGIL,NSE:NGIL-EQ,INE236Y01012,NAKODA GROUP OF IND. LTD,10100000005401,2026-08-27
NGLFINE,NSE:NGLFINE-EQ,INE887E01022,NGL FINE CHEM LIMITED,101000000010277,2026-08-27
NH,NSE:NH-EQ,INE410P01011,NARAYANA HRUDAYALAYA LTD.,101000000011840,2026-08-27
NHPC,NSE:NHPC-EQ,INE848E01016,NHPC LTD,101000000017400,2026-08-27
NIACL,NSE:NIACL-EQ,INE470Y01017,THE NEW INDIA ASSU CO LTD,1010000000399,2026-08-27
NIBE,NSE:NIBE-EQ,INE149O01018,NIBE LIMITED,101000000029487,2026-08-27
NIBL,NSE:NIBL-EQ,INE047O01014,NRB INDUS. BEARINGS LTD.,101000000029733,2026-08-27
NICCOPAR,NSE:NICCOPAR-EQ,INE653C01022,NICCO PARKS & RESORTS LTD,1010000000764793,2026-08-27
NIITLTD,NSE:NIITLTD-EQ,INE161A01038,NIIT LIMITED,101000000011522,2026-08-27
NIITMTS,NSE:NIITMTS-EQ,INE342G01023,NIIT LEARNING SYSTEMS LTD,101000000017747,2026-08-27
NILAINFRA,NSE:NILAINFRA-EQ,INE937C01029,NILA INFRASTRUCTURES LTD,10100000009253,2026-08-27
NILASPACES,NSE:NILASPACES-EQ,INE00S901012,NILA SPACES LIMITED,10100000007411,2026-08-27
NILE,NSE:NILE-EQ,INE445D01013,NILE LTD.,1010000000762817,2026-08-27
NILKAMAL,NSE:NILKAMAL-EQ,INE310A01015,NILKAMAL LIMITED,10100000002421,2026-08-27
NIMBSPROJ,NSE:NIMBSPROJ-EQ,INE875B01015,NIMBUS PROJECTS LIMITED,1010000000761720,2026-08-27
NINSYS,NSE:NINSYS-EQ,INE395U01014,NINTEC SYSTEMS LIMITED,101000000014194,2026-08-27
NIPPOBATRY,NSE:NIPPOBATRY-EQ,INE567A01028,INDO-NATIONAL LIMITED,10100000006782,2026-08-27
NIRAJ,NSE:NIRAJ-EQ,INE368I01016,NIRAJ CEMENT STRUC LTD,1010000000255,2026-08-27
NIRAJISPAT,NSE:NIRAJISPAT-EQ,INE326T01011,NIRAJ ISPAT IND LTD,101000000018840,2026-08-27
NIRLON,NSE:NIRLON-EQ,INE910A01012,NIRLON LTD,10100000002433,2026-08-27
NITCO,NSE:NITCO-EQ,INE858F01012,NITCO LIMITED,101000000013300,2026-08-27
NITINSPIN,NSE:NITINSPIN-EQ,INE229H01012,NITIN SPINNERS LIMITED,101000000013175,2026-08-27
NITIRAJ,NSE:NITIRAJ-EQ,INE439T01012,NITIRAJ ENGINEERS LTD,10100000003247,2026-08-27
NITTAGELA,NSE:NITTAGELA-EQ,INE265B01019,NITTA GELATIN INDIA LTD.,1010000000762824,2026-08-27
NIVABUPA,NSE:NIVABUPA-EQ,INE995S01015,NIVA BUPA HEALTH INS CO L,101000000027097,2026-08-27
NKIND,NSE:NKIND-EQ,INE542C01019,NK INDUSTRIES LTD,10100000002439,2026-08-27
NLCINDIA,NSE:NLCINDIA-EQ,INE589A01014,NLC INDIA LIMITED,10100000008585,2026-08-27
NMDC,NSE:NMDC-EQ,INE584A01023,NMDC LTD.,101000000015332,2026-08-27
NOCIL,NSE:NOCIL-EQ,INE163A01018,NOCIL LIMITED,10100000002442,2026-08-27
NOIDATOLL,NSE:NOIDATOLL-EQ,INE781B01015,NOIDA TOLL BRIDGE CO LTD,101000000010786,2026-08-27
NORBTEAEXP,NSE:NORBTEAEXP-EQ,INE369C01017,NORBEN TEA & EXPORTS LTD,10100000004160,2026-08-27
NORTHARC,NSE:NORTHARC-EQ,INE850M01015,NORTHERN ARC CAPITAL LTD,101000000025426,2026-08-27
NOVARTIND,NSE:NOVARTIND-EQ,INE234A01025,NOVARTIS INDIA LIMITED,10100000009007,2026-08-27
NPST,NSE:NPST-EQ,INE0FFK01017,NETWORK PEOPLE SRV TECH L,1010000000756324,2026-08-27
NRAIL,NSE:NRAIL-EQ,INE740D01017,N R AGARWAL INDS LTD,101000000020314,2026-08-27
NRBBEARING,NSE:NRBBEARING-EQ,INE349A01021,NRB BEARING LIMITED,10100000007553,2026-08-27
NSIL,NSE:NSIL-EQ,INE023A01030,NALWA SONS INVESTMENT LTD,101000000011239,2026-08-27
NSLNISP,NSE:NSLNISP-EQ,INE0NNS01018,NMDC STEEL LIMITED,101000000014180,2026-08-27
NTCIND,NSE:NTCIND-EQ,INE920C01017,N T C INDUSTRIES LTD.,1010000000764798,2026-08-27
NTPC,NSE:NTPC-EQ,INE733E01010,NTPC LTD,101000000011630,2026-08-27
NTPCGREEN,NSE:NTPCGREEN-EQ,INE0ONG01011,NTPC GREEN ENERGY LIMITED,101000000027176,2026-08-27
NUCLEUS,NSE:NUCLEUS-EQ,INE096B01018,NUCLEUS SOFTWARE EXPORTS,101000000010791,2026-08-27
NUVAMA,NSE:NUVAMA-EQ,INE531F01023,NUVAMA WEALTH MANAGE LTD,101000000018721,2026-08-27
NUVOCO,NSE:NUVOCO-EQ,INE118D01016,NUVOCO VISTAS CORP LTD,10100000005426,2026-08-27
NYKAA,NSE:NYKAA-EQ,INE388Y01029,FSN E COMMERCE VENTURES,10100000006545,2026-08-27
OAL,NSE:OAL-EQ,INE959C01023,ORIENTAL AROMATICS LTD,101000000010768,2026-08-27
OBCL,NSE:OBCL-EQ,INE426Z01016,OBCL LIMITED,10100000008797,2026-08-27
OBEROIRLTY,NSE:OBEROIRLTY-EQ,INE093I01010,OBEROI REALTY LIMITED,101000000020242,2026-08-27
ODIGMA,NSE:ODIGMA-EQ,INE054301028,ODIGMA CONSULTANCY SOL L,101000000027571,2026-08-27
ODYCORP,NSE:ODYCORP-EQ,INE839E01023,ODYSSEY CORPORATION LTD.,1010000000764803,2026-08-27
OFSS,NSE:OFSS-EQ,INE881D01027,ORACLE FIN SERV SOFT LTD.,101000000010738,2026-08-27
OIL,NSE:OIL-EQ,INE274J01014,OIL INDIA LTD,101000000017438,2026-08-27
OLAELEC,NSE:OLAELEC-EQ,INE0LXG01040,OLA ELECTRIC MOBILITY LTD,101000000024777,2026-08-27
OLECTRA,NSE:OLECTRA-EQ,INE260D01016,OLECTRA GREENTECH LIMITED,101000000010637,2026-08-27
OMAXAUTO,NSE:OMAXAUTO-EQ,INE090B01011,OMAX AUTOS LTD,101000000010922,2026-08-27
OMAXE,NSE:OMAXE-EQ,INE800H01010,OMAXE LIMITED,101000000014853,2026-08-27
OMINFRAL,NSE:OMINFRAL-EQ,INE239D01028,OM INFRA LIMITED,101000000024231,2026-08-27
OMNI,NSE:OMNI-EQ,INE0UH301010,OMNITECH ENGINEERING LTD,1010000000760865,2026-08-27
OMPOWER,NSE:OMPOWER-EQ,INE25E901019,OM POWER TRANSMISSION LTD,1010000000762432,2026-08-27
ONEGLOBAL,NSE:ONEGLOBAL-EQ,INE670O01013,ONE GLOBAL SERVICE PROV L,1010000000765242,2026-08-27
ONEPOINT,NSE:ONEPOINT-EQ,INE840Y01029,ONE POINT ONE SOL LTD,10100000009939,2026-08-27
ONESOURCE,NSE:ONESOURCE-EQ,INE013P01021,ONESOURCE SPECL PHARMA L,101000000029224,2026-08-27
ONGC,NSE:ONGC-EQ,INE213A01029,OIL AND NATURAL GAS CORP.,10100000002475,2026-08-27
ONIDA,NSE:ONIDA-EQ,INE831A01028,ONIDA ELECTRONICS LIMITED,10100000002202,2026-08-27
ONIXSOLAR,NSE:ONIXSOLAR-EQ,INE173M01012,ONIX SOLAR ENERGY LTD.,1010000000764808,2026-08-27
ONWARDTEC,NSE:ONWARDTEC-EQ,INE229A01017,ONWARD TECHNOLOGIES LTD,10100000002481,2026-08-27
OPTIEMUS,NSE:OPTIEMUS-EQ,INE350C01017,OPTIEMUS INFRACOM LTD,101000000021469,2026-08-27
OPTIFIN,NSE:OPTIFIN-EQ,INE031G01022,OPTIMUS FINANCE LTD.,1010000000764813,2026-08-27
ORCHASP,NSE:ORCHASP-EQ,INE215B01022,ORCHASP LIMITED,101000000029492,2026-08-27
ORCHPHARMA,NSE:ORCHPHARMA-EQ,INE191A01027,ORCHID PHARMA LIMITED,1010000000926,2026-08-27
ORICONENT,NSE:ORICONENT-EQ,INE730A01022,ORICON ENTERPRISES LTD,101000000010159,2026-08-27
ORIENTALTL,NSE:ORIENTALTL-EQ,INE998H01012,ORIENTAL TRIMEX LTD,101000000014346,2026-08-27
ORIENTBELL,NSE:ORIENTBELL-EQ,INE607D01018,ORIENT BELL LIMITED,101000000014278,2026-08-27
ORIENTCEM,NSE:ORIENTCEM-EQ,INE876N01018,ORIENT CEMENT LTD.,101000000030089,2026-08-27
ORIENTCER,NSE:ORIENTCER-EQ,INE569C01020,ORIENT CERATECH LIMITED,101000000013111,2026-08-27
ORIENTELEC,NSE:ORIENTELEC-EQ,INE142Z01019,ORIENT ELECTRIC LIMITED,10100000002972,2026-08-27
ORIENTHOT,NSE:ORIENTHOT-EQ,INE750A01020,ORIENT HOTELS LTD,10100000002493,2026-08-27
ORIENTPPR,NSE:ORIENTPPR-EQ,INE592A01026,ORIENT PAPER AND INDS LTD,10100000002496,2026-08-27
ORIENTTECH,NSE:ORIENTTECH-EQ,INE0PPK01015,ORIENT TECHNOLOGIES LTD,101000000024961,2026-08-27
ORIRAIL,NSE:ORIRAIL-EQ,INE457G01029,ORIENTAL RAIL INFRA L,1010000000764818,2026-08-27
ORISSAMINE,NSE:ORISSAMINE-EQ,INE725E01024,ORISSA MIN DEV CO LTD,101000000019931,2026-08-27
ORKLAINDIA,NSE:ORKLAINDIA-EQ,INE16NZ01023,ORKLA INDIA LIMITED,1010000000759569,2026-08-27
ORTINGLOBE,NSE:ORTINGLOBE-EQ,INE749B01020,ORTIN GLOBAL LIMITED,10100000002979,2026-08-27
OSWALAGRO,NSE:OSWALAGRO-EQ,INE142A01012,OSWAL AGRO MILLS LTD,10100000002514,2026-08-27
OSWALGREEN,NSE:OSWALGREEN-EQ,INE143A01010,OSWAL GREENTECH LIMITED,1010000000471,2026-08-27
OSWALPUMPS,NSE:OSWALPUMPS-EQ,INE0BYP01024,OSWAL PUMPS LIMITED,1010000000756802,2026-08-27
OSWALSEEDS,NSE:OSWALSEEDS-EQ,INE00IK01029,SHREEOSWAL S AND CHE LTD,101000000014305,2026-08-27
PACEDIGITK,NSE:PACEDIGITK-EQ,INE0S3G01027,PACE DIGITEK LIMITED,1010000000759342,2026-08-27
PACIFICI,NSE:PACIFICI-EQ,INE883C01025,PACIFIC INDUSTRIES LTD.,1010000000764823,2026-08-27
PAGEIND,NSE:PAGEIND-EQ,INE761H01022,PAGE INDUSTRIES LTD,101000000014413,2026-08-27
PAISALO,NSE:PAISALO-EQ,INE420C01059,PAISALO DIGITAL LIMITED,101000000025468,2026-08-27
PAKKA,NSE:PAKKA-EQ,INE551D01018,PAKKA LIMITED,101000000017197,2026-08-27
PALASHSECU,NSE:PALASHSECU-EQ,INE471W01019,PALASH SECURITIES LTD,101000000021383,2026-08-27
PANACEABIO,NSE:PANACEABIO-EQ,INE922B01023,PANACEA BIOTEC LTD,10100000004055,2026-08-27
PANAMAPET,NSE:PANAMAPET-EQ,INE305C01029,PANAMA PETROCHEM LTD,101000000025392,2026-08-27
PANCHMAHQ,NSE:PANCHMAHQ-EQ,INE798F01010,PANCHMAHAL STEEL LTD.,1010000000764828,2026-08-27
PANORAMA,NSE:PANORAMA-EQ,INE258R01028,PANORAMA STUDIOS INTL. L,1010000000765140,2026-08-27
PANSARI,NSE:PANSARI-EQ,INE697V01011,PANSARI DEVELOPERS LTD,10100000006141,2026-08-27
PAR,NSE:PAR-EQ,INE04LG01015,PAR DRUGS AND CHEM LTD,10100000005631,2026-08-27
PARACABLES,NSE:PARACABLES-EQ,INE074B01023,PARAMOUNT COMM LTD,101000000013951,2026-08-27
PARADEEP,NSE:PARADEEP-EQ,INE088F01024,PARADEEP PHOSPHATES LTD,10100000009741,2026-08-27
PARAGMILK,NSE:PARAGMILK-EQ,INE883N01014,PARAG MILK FOODS LTD.,101000000017130,2026-08-27
PARAS,NSE:PARAS-EQ,INE045601023,PARAS DEF AND SPCE TECH L,10100000005911,2026-08-27
PARASPETRO,NSE:PARASPETRO-EQ,INE162C01024,PARAS PETROFILS LTD.,10100000003972,2026-08-27
PARKHOSPS,NSE:PARKHOSPS-EQ,INE119201023,PARK MEDI WORLD LIMITED,1010000000760351,2026-08-27
PARKHOTELS,NSE:PARKHOTELS-EQ,INE988S01028,PARKHOTELS,101000000022649,2026-08-27
PARNAXLAB,NSE:PARNAXLAB-EQ,INE383L01019,PARNAX LAB LTD.,1010000000764833,2026-08-27
PASHUPATI,NSE:PASHUPATI-EQ,INE124Y01028,PASHUPATI COTSPIN LIMITED,1010000000757955,2026-08-27
PATANJALI,NSE:PATANJALI-EQ,INE619A01035,PATANJALI FOODS LIMITED,101000000017029,2026-08-27
PATELENG,NSE:PATELENG-EQ,INE244B01030,PATEL ENGINEERING LTD.,101000000011699,2026-08-27
PATELRMART,NSE:PATELRMART-EQ,INE0R8B01010,PATEL RETAIL LIMITED,1010000000759439,2026-08-27
PAUSHAKLTD,NSE:PAUSHAKLTD-EQ,INE111F01024,PAUSHAK LIMITED,1010000000759969,2026-08-27
PAVNAIND,NSE:PAVNAIND-EQ,INE07S101038,PAVNA INDUSTRIES LIMITED,101000000016192,2026-08-27
PAYTM,NSE:PAYTM-EQ,INE982J01020,ONE 97 COMMUNICATIONS LTD,10100000006705,2026-08-27
PBMPOLY,NSE:PBMPOLY-EQ,INE501F01018,P B M POLYTEX LTD.,1010000000765145,2026-08-27
PCBL,NSE:PCBL-EQ,INE602A01031,PCBL CHEMICAL LIMITED,10100000002649,2026-08-27
PCJEWELLER,NSE:PCJEWELLER-EQ,INE785M01021,PC JEWELLER LTD,101000000029124,2026-08-27
PDMJEPAPER,NSE:PDMJEPAPER-EQ,INE865T01018,PUDUMJEE PAPER PRO. LTD,101000000015377,2026-08-27
PDSL,NSE:PDSL-EQ,INE111Q01021,PDS LIMITED,10100000005264,2026-08-27
PEARLPOLY,NSE:PEARLPOLY-EQ,INE844A01013,PEARL POLYMERS LTD,10100000002610,2026-08-27
PENIND,NSE:PENIND-EQ,INE932A01024,PENNAR INDUSTRIES LTD,101000000020621,2026-08-27
PERMAGN,NSE:PERMAGN-EQ,INE418E01018,PERMANENT MAGNETS LTD.,1010000000764838,2026-08-27
PERSISTENT,NSE:PERSISTENT-EQ,INE262H01021,PERSISTENT SYSTEMS LTD,101000000018365,2026-08-27
PETRONET,NSE:PETRONET-EQ,INE347G01014,PETRONET LNG LIMITED,101000000011351,2026-08-27
PFC,NSE:PFC-EQ,INE134E01011,POWER FIN CORP LTD.,101000000014299,2026-08-27
PFIZER,NSE:PFIZER-EQ,INE182A01018,PFIZER LTD,10100000002643,2026-08-27
PFOCUS,NSE:PFOCUS-EQ,INE367G01038,PRIME FOCUS LIMITED,101000000013496,2026-08-27
PFS,NSE:PFS-EQ,INE560K01014,PTC INDIA FIN SERV LTD,101000000022602,2026-08-27
PGEL,NSE:PGEL-EQ,INE457L01029,PG ELECTROPLAST LTD,101000000025358,2026-08-27
PGHH,NSE:PGHH-EQ,INE179A01014,P&G HYGIENE & HEALTH CARE,10100000002535,2026-08-27
PGHL,NSE:PGHL-EQ,INE199A01012,PROCTER & GAMBLE HEALTH L,1010000000940,2026-08-27
PGIL,NSE:PGIL-EQ,INE940H01022,PEARL GLOBAL IND LIMITED,101000000014260,2026-08-27
PHOENIXLTD,NSE:PHOENIXLTD-EQ,INE211B01039,THE PHOENIX MILLS LTD,101000000014552,2026-08-27
PHOENXINTL,NSE:PHOENXINTL-EQ,INE245B01011,PHOENIX INTERNATIONAL LTD,10100000002658,2026-08-27
PICCADIL,NSE:PICCADIL-EQ,INE546C01010,PICCADILY AGRO INDUSTRI L,1010000000757754,2026-08-27
PIDILITIND,NSE:PIDILITIND-EQ,INE318A01026,PIDILITE INDUSTRIES LTD,10100000002664,2026-08-27
PIGL,NSE:PIGL-EQ,INE557Z01018,POWER INSTRUMENT (G) LTD,101000000015716,2026-08-27
PIIND,NSE:PIIND-EQ,INE603J01030,PI INDUSTRIES LTD,101000000024184,2026-08-27
PILANIINVS,NSE:PILANIINVS-EQ,INE417C01014,PILANI INV & IND COR LTD,101000000011445,2026-08-27
PILITA,NSE:PILITA-EQ,INE600A01035,PIL ITALICA LIFESTYLE LTD,101000000030835,2026-08-27
PINELABS,NSE:PINELABS-EQ,INE15B701018,PINE LABS LIMITED,1010000000759820,2026-08-27
PIONEEREMB,NSE:PIONEEREMB-EQ,INE156C01018,PIONEER EMBROIDERIES LTD,101000000013463,2026-08-27
PIRAMALFIN,NSE:PIRAMALFIN-EQ,INE202B01038,PIRAMAL FINANCE LIMITED,1010000000759551,2026-08-27
PITTIENG,NSE:PITTIENG-EQ,INE450D01021,PITTI ENGINEERING LIMITED,101000000014134,2026-08-27
PIXTRANS,NSE:PIXTRANS-EQ,INE751B01018,PIX TRANSMISSIONS LIMITED,10100000009087,2026-08-27
PKTEA,NSE:PKTEA-EQ,INE431F01018,THE P K TEA PROD CO LTD,101000000010321,2026-08-27
PLASTIBLEN,NSE:PLASTIBLEN-EQ,INE083C01022,PLASTIBLENDS INDIA LTD,101000000013920,2026-08-27
PLATIND,NSE:PLATIND-EQ,INE0PT501018,PLATINUM INDUSTRIES LTD,101000000022930,2026-08-27
PLAZACABLE,NSE:PLAZACABLE-EQ,INE0INJ01017,PLAZA WIRES LIMITED,101000000019458,2026-08-27
PML,NSE:PML-EQ,INE291E01019,PAUL MERCHANTS LTD.,1010000000762834,2026-08-27
PNB,NSE:PNB-EQ,INE160A01022,PUNJAB NATIONAL BANK,101000000010666,2026-08-27
PNBGILTS,NSE:PNBGILTS-EQ,INE859A01011,PNB GILTS LIMITED,10100000008736,2026-08-27
PNBHOUSING,NSE:PNBHOUSING-EQ,INE572E01012,PNB HOUSING FIN LTD.,101000000018908,2026-08-27
PNC,NSE:PNC-EQ,INE392B01011,PRITISH NANDY COMMUNICATI,10100000009342,2026-08-27
PNCINFRA,NSE:PNCINFRA-EQ,INE195J01029,PNC INFRATECH LTD.,10100000009385,2026-08-27
PNGJL,NSE:PNGJL-EQ,INE953R01016,P N GADGIL JEWELLERS LTD,101000000025312,2026-08-27
PNGSREVA,NSE:PNGSREVA-EQ,INE1RDG01013,PNGS REVA DIAMOND JEWEL L,1010000000760242,2026-08-27
POCL,NSE:POCL-EQ,INE063E01061,PONDY OXIDES & CHEM LTD,101000000014385,2026-08-27
PODDARMENT,NSE:PODDARMENT-EQ,INE371C01013,PODDAR PIGMENTS LIMITED,101000000019036,2026-08-27
POEL,NSE:POEL-EQ,INE035S01028,P O C L ENTERPRISES LTD.,1010000000764845,2026-08-27
POKARNA,NSE:POKARNA-EQ,INE637C01025,POKARNA LIMITED,101000000017651,2026-08-27
POLICYBZR,NSE:POLICYBZR-EQ,INE417T01026,PB FINTECH LIMITED,10100000006656,2026-08-27
POLYCAB,NSE:POLYCAB-EQ,INE455K01017,POLYCAB INDIA LIMITED,10100000009590,2026-08-27
POLYMED,NSE:POLYMED-EQ,INE205C01021,POLY MEDICURE LIMITED,101000000025718,2026-08-27
POLYPLEX,NSE:POLYPLEX-EQ,INE633B01018,POLYPLEX CORPORATION LTD,10100000002687,2026-08-27
POLYSPIN,NSE:POLYSPIN-EQ,INE914G01029,POLYSPIN EXPORTS LTD.,1010000000765150,2026-08-27
PONNIERODE,NSE:PONNIERODE-EQ,INE838E01017,PONNIE SUGARS (ERODE) LTD,101000000010661,2026-08-27
POONAWALLA,NSE:POONAWALLA-EQ,INE511C01022,POONAWALLA FINCORP LTD,101000000011403,2026-08-27
POWERGRID,NSE:POWERGRID-EQ,INE752E01010,POWER GRID CORP. LTD.,101000000014977,2026-08-27
POWERICA,NSE:POWERICA-EQ,INE921L01032,POWERICA LIMITED,1010000000761680,2026-08-27
POWERINDIA,NSE:POWERINDIA-EQ,INE07Y701011,HITACHI ENERGY INDIA LTD,101000000018457,2026-08-27
POWERMECH,NSE:POWERMECH-EQ,INE211R01019,POWER MECH PROJECTS LTD.,101000000010473,2026-08-27
PPLPHARMA,NSE:PPLPHARMA-EQ,INE0DK501011,PIRAMAL PHARMA LIMITED,101000000011571,2026-08-27
PRABHA,NSE:PRABHA-EQ,INE0I0M01023,PRABHA ENERGY LIMITED,101000000030134,2026-08-27
PRAENG,NSE:PRAENG-EQ,INE505C01016,PRAJAY ENG. SYN. LTD.,101000000013941,2026-08-27
PRAJIND,NSE:PRAJIND-EQ,INE074A01025,PRAJ INDUSTRIES LTD,10100000002705,2026-08-27
PRAKASH,NSE:PRAKASH-EQ,INE603A01013,PRAKASH INDUSTRIES LTD,10100000002708,2026-08-27
PRAKASHSTL,NSE:PRAKASHSTL-EQ,INE696K01024,PRAKASH STEELAGE LTD,101000000019599,2026-08-27
PRAVEG,NSE:PRAVEG-EQ,INE722B01019,PRAVEG LTD.,1010000000762844,2026-08-27
PRAXIS,NSE:PRAXIS-EQ,INE546Y01022,PRAXIS HOME RETAIL LTD,10100000001204,2026-08-27
PRECAM,NSE:PRECAM-EQ,INE484I01029,PRECISION CAMSHAFTS LTD.,101000000012603,2026-08-27
PRECOT,NSE:PRECOT-EQ,INE283A01014,PRECOT LIMITED,10100000002711,2026-08-27
PRECWIRE,NSE:PRECWIRE-EQ,INE372C01037,PRECISION WIRES INDIA LTD,10100000002717,2026-08-27
PREMCO,NSE:PREMCO-EQ,INE001E01012,PREMCO GLOBAL LTD.,1010000000762849,2026-08-27
PREMEXPLN,NSE:PREMEXPLN-EQ,INE863B01029,PREMIER EXPLOSIVES LTD,101000000017397,2026-08-27
PREMIERENE,NSE:PREMIERENE-EQ,INE0BS701011,PREMIER ENERGIES LIMITED,101000000025049,2026-08-27
PREMIERPOL,NSE:PREMIERPOL-EQ,INE309M01020,PREMIER POLYFILM LTD,10100000003908,2026-08-27
PRESTIGE,NSE:PRESTIGE-EQ,INE811K01011,PRESTIGE ESTATE LTD,101000000020302,2026-08-27
PRICOLLTD,NSE:PRICOLLTD-EQ,INE726V01018,PRICOL LIMITED,101000000019631,2026-08-27
PRIMESECU,NSE:PRIMESECU-EQ,INE032B01021,PRIME SECURITIES LIMITED,101000000011864,2026-08-27
PRIMO,NSE:PRIMO-EQ,INE607A01022,PRIMO CHEMICALS LIMITED,1010000000756925,2026-08-27
PRINCEPIPE,NSE:PRINCEPIPE-EQ,INE689W01016,PRINCE PIPES FITTINGS LTD,101000000016045,2026-08-27
PRISMX,NSE:PRISMX-EQ,INE286N01028,PRISMX GLOBAL VENTURES L,1010000000765155,2026-08-27
PRIVISCL,NSE:PRIVISCL-EQ,INE959A01019,PRIVI SPECIALITY CHE LTD,10100000008825,2026-08-27
PROSTARM,NSE:PROSTARM-EQ,INE0BX301013,PROSTARM INFO SYSTEMS LTD,1010000000758173,2026-08-27
PROTEAN,NSE:PROTEAN-EQ,INE004A01022,PROTEAN EGOV TECHNO LTD,101000000029472,2026-08-27
PROZONER,NSE:PROZONER-EQ,INE195N01013,PROZONE REALTY LIMITED,101000000028859,2026-08-27
PRSMJOHNSN,NSE:PRSMJOHNSN-EQ,INE010A01011,PRISM JOHNSON LIMITED,10100000002739,2026-08-27
PRUDENT,NSE:PRUDENT-EQ,INE00F201020,PRUDENT CORP ADV SER LTD,10100000009553,2026-08-27
PSB,NSE:PSB-EQ,INE608A01012,PUNJAB & SIND BANK,101000000021001,2026-08-27
PSPPROJECT,NSE:PSPPROJECT-EQ,INE488V01015,PSP PROJECTS LIMITED,101000000020877,2026-08-27
PTC,NSE:PTC-EQ,INE877F01012,PTC INDIA LIMITED,101000000011355,2026-08-27
PTCIL,NSE:PTCIL-EQ,INE596F01018,PTC INDUSTRIES LIMITED,101000000016682,2026-08-27
PTL,NSE:PTL-EQ,INE034D01049,PTL ENTERPRISES LTD,101000000014101,2026-08-27
PUNJABCHEM,NSE:PUNJABCHEM-EQ,INE277B01014,PUNJAB CHEM & CROP PROT L,10100000004344,2026-08-27
PURVA,NSE:PURVA-EQ,INE323I01011,PURAVANKARA LIMITED,101000000014922,2026-08-27
PVP,NSE:PVP-EQ,INE362A01016,PVP VENTURES LIMITED,10100000004010,2026-08-27
PVRINOX,NSE:PVRINOX-EQ,INE191H01014,PVR INOX LIMITED,101000000013147,2026-08-27
PVSL,NSE:PVSL-EQ,INE772T01024,POPULAR VEHICLES N SER L,101000000023142,2026-08-27
PWL,NSE:PWL-EQ,INE0LP301011,PHYSICSWALLAH LIMITED,1010000000759723,2026-08-27
PYRAMID,NSE:PYRAMID-EQ,INE0MIS01010,PYRAMID TECHNOPLAST LTD,101000000018250,2026-08-27
QPOWER,NSE:QPOWER-EQ,INE0SII01026,QUALITY POWER ELEC EQUP L,101000000029711,2026-08-27
QUADFUTURE,NSE:QUADFUTURE-EQ,INE0LRY01011,QUADRANT FUTURE TEK LTD,101000000029087,2026-08-27
QUESS,NSE:QUESS-EQ,INE615P01015,QUESS CORP LIMITED,101000000017704,2026-08-27
QUINT,NSE:QUINT-EQ,INE641R01017,QUINT DIGITAL LTD.,1010000000762854,2026-08-27
RACE,NSE:RACE-EQ,INE084Q01012,RACE ECO CHAIN LIMITED,101000000015391,2026-08-27
RACLGEAR,NSE:RACLGEAR-EQ,INE704B01017,RACL GEARTECH LIMITED,101000000027171,2026-08-27
RADAAN,NSE:RADAAN-EQ,INE874F01027,RADAAN MEDIAWORKS (I) LTD,101000000010932,2026-08-27
RADHIKAJWE,NSE:RADHIKAJWE-EQ,INE583V01021,RADHIKA JEWELTECH LIMITED,101000000010343,2026-08-27
RADIANTCMS,NSE:RADIANTCMS-EQ,INE855R01021,RADIANT CASH MGMT SER LTD,101000000013580,2026-08-27
RADICO,NSE:RADICO-EQ,INE944F01028,RADICO KHAITAN LTD,101000000010990,2026-08-27
RADIOCITY,NSE:RADIOCITY-EQ,INE919I01024,MUSIC BROADCAST LIMITED,101000000019877,2026-08-27
RAILTEL,NSE:RAILTEL-EQ,INE0DD101019,RAILTEL CORP OF IND LTD,10100000002431,2026-08-27
RAIN,NSE:RAIN-EQ,INE855B01025,RAIN INDUSTRIES LIMITED,101000000015337,2026-08-27
RAINBOW,NSE:RAINBOW-EQ,INE961O01016,RAINBOW CHILDRENS MED LTD,10100000009408,2026-08-27
RAJMET,NSE:RAJMET-EQ,INE00KV01022,RAJNANDINI METAL LIMITED,10100000002168,2026-08-27
RAJPALAYAM,NSE:RAJPALAYAM-EQ,INE296E01026,RAJAPALAYAM MILLS LTD.,1010000000762859,2026-08-27
RAJRATAN,NSE:RAJRATAN-EQ,INE451D01029,RAJRATAN GLOBAL WIRE LTD,101000000018962,2026-08-27
RAJSREESUG,NSE:RAJSREESUG-EQ,INE562B01019,RAJSHREE SUGAR & CHEMICAL,10100000002809,2026-08-27
RAJTV,NSE:RAJTV-EQ,INE952H01027,RAJ TV NETWORK LTD,101000000014403,2026-08-27
RALLIS,NSE:RALLIS-EQ,INE613A01020,RALLIS INDIA LTD,10100000002816,2026-08-27
RAMANEWS,NSE:RAMANEWS-EQ,INE278B01020,SHREE RAMA NEWSPRINT LTD,101000000013565,2026-08-27
RAMAPHO,NSE:RAMAPHO-EQ,INE809A01032,RAMA PHOSPHATES LIMITED,101000000010568,2026-08-27
RAMBHAJO,NSE:RAMBHAJO-EQ,INE1SJO01012,ADVIT JEWELS LIMITED,1010000000762227,2026-08-27
RAMCOCEM,NSE:RAMCOCEM-EQ,INE331A01037,THE RAMCO CEMENTS LIMITED,10100000002043,2026-08-27
RAMCOIND,NSE:RAMCOIND-EQ,INE614A01028,RAMCO INDUSTRIES LIMITED,10100000004587,2026-08-27
RAMCOSYS,NSE:RAMCOSYS-EQ,INE246B01019,RAMCO SYSTEMS LTD.,10100000007851,2026-08-27
RAMKY,NSE:RAMKY-EQ,INE874I01013,RAMKY INFRA LTD,101000000020134,2026-08-27
RAMRAT,NSE:RAMRAT-EQ,INE207E01023,RAM RATNA WIRES LIMITED,101000000010485,2026-08-27
RANASUG,NSE:RANASUG-EQ,INE625B01014,RANA SUGARS LTD.,10100000002837,2026-08-27
RANEHOLDIN,NSE:RANEHOLDIN-EQ,INE384A01010,RANE HOLDINGS LIMITED,10100000002844,2026-08-27
RATEGAIN,NSE:RATEGAIN-EQ,INE0CLI01024,RATEGAIN TRAVEL TECHN LTD,10100000007177,2026-08-27
RATNAMANI,NSE:RATNAMANI-EQ,INE703B01027,RATNAMANI MET & TUB LTD.,101000000013451,2026-08-27
RATNAVEER,NSE:RATNAVEER-EQ,INE05CZ01011,RATNAVEER PRECISION ENG L,101000000018423,2026-08-27
RAYMOND,NSE:RAYMOND-EQ,INE301A01014,RAYMOND LTD,10100000002859,2026-08-27
RAYMONDLSL,NSE:RAYMONDLSL-EQ,INE02ID01020,RAYMOND LIFESTYLE LIMITED,101000000025073,2026-08-27
RAYMONDREL,NSE:RAYMONDREL-EQ,INE1SY401010,RAYMOND REALTY LIMITED,1010000000758551,2026-08-27
RBA,NSE:RBA-EQ,INE07T201019,RESTAURANT BRAND ASIA LTD,10100000001494,2026-08-27
RBLBANK,NSE:RBLBANK-EQ,INE976G01028,RBL BANK LIMITED,101000000018391,2026-08-27
RBZJEWEL,NSE:RBZJEWEL-EQ,INE0PEQ01016,RBZ JEWELLERS LIMITED,101000000020874,2026-08-27
RCF,NSE:RCF-EQ,INE027A01015,RASHTRIYA CHEMICALS & FER,10100000002866,2026-08-27
RECLTD,NSE:RECLTD-EQ,INE020B01018,REC LIMITED,101000000015355,2026-08-27
REDINGTON,NSE:REDINGTON-EQ,INE891D01026,REDINGTON LIMITED,101000000014255,2026-08-27
REDTAPE,NSE:REDTAPE-EQ,INE0LXT01019,REDTAPE LIMITED,101000000017859,2026-08-27
REFEX,NSE:REFEX-EQ,INE056I01025,REFEX INDUSTRIES LIMITED,101000000017764,2026-08-27
REGAAL,NSE:REGAAL-EQ,INE0MHO01029,REGAAL RESOURCES LIMITED,1010000000758680,2026-08-27
REGENCERAM,NSE:REGENCERAM-EQ,INE277C01012,REGENCY CERAMICS LTD.,10100000004130,2026-08-27
RELAXO,NSE:RELAXO-EQ,INE131B01039,RELAXO FOOT LTD.,101000000024225,2026-08-27
RELCHEMQ,NSE:RELCHEMQ-EQ,INE750D01016,RELIANCE CHEMOTEX IND LTD,10100000009652,2026-08-27
RELIABLE,NSE:RELIABLE-EQ,INE375Y01018,RELIABLE DATA SERVICE LTD,101000000024378,2026-08-27
RELIANCE,NSE:RELIANCE-EQ,INE002A01018,RELIANCE INDUSTRIES LTD,10100000002885,2026-08-27
RELIGARE,NSE:RELIGARE-EQ,INE621H01010,RELIGARE ENTER. LTD.,101000000015068,2026-08-27
RELTD,NSE:RELTD-EQ,INE206N01018,RAVINDRA ENERGY LIMITED,101000000024596,2026-08-27
REMSONSIND,NSE:REMSONSIND-EQ,INE474C01023,REMSONS INDUSTRIES LTD,10100000003965,2026-08-27
RENUKA,NSE:RENUKA-EQ,INE087H01022,SHREE RENUKA SUGARS LTD,101000000012026,2026-08-27
REPCOHOME,NSE:REPCOHOME-EQ,INE612J01015,REPCO HOME FINANCE LTD,101000000029598,2026-08-27
REPRO,NSE:REPRO-EQ,INE461B01014,REPRO INDIA LIMITED,101000000013126,2026-08-27
RESPONIND,NSE:RESPONIND-EQ,INE688D01026,RESPONSIVE INDUSTRIES LTD,101000000020323,2026-08-27
RETAIL,NSE:RETAIL-EQ,INE03DD01011,JHS SVENDGAARD RETAIL V L,101000000024145,2026-08-27
RGL,NSE:RGL-EQ,INE722H01024,RENAISSANCE GLOBAL LTD,101000000015129,2026-08-27
RHETAN,NSE:RHETAN-EQ,INE0KKN01029,RHETAN TMT LIMITED,1010000000759062,2026-08-27
RHIM,NSE:RHIM-EQ,INE743M01012,RHI MAGNESITA INDIA LTD,101000000031163,2026-08-27
RHL,NSE:RHL-EQ,INE508K01013,ROBUST HOTELS LIMITED,101000000015157,2026-08-27
RICOAUTO,NSE:RICOAUTO-EQ,INE209B01025,RICO AUTO INDUSTRIES LTD,10100000002909,2026-08-27
RIIL,NSE:RIIL-EQ,INE046A01015,RELIANCE INDUSTRIAL INFRA,10100000002912,2026-08-27
RIR,NSE:RIR-EQ,INE302D01024,RIR POWER ELECTRONICS L,1010000000764121,2026-08-27
RISHABH,NSE:RISHABH-EQ,INE0N2P01017,RISHABH INSTRUMENTS LTD,101000000018417,2026-08-27
RITCO,NSE:RITCO-EQ,INE01EG01016,RITCO LOGISTICS LIMITED,10100000008944,2026-08-27
RITES,NSE:RITES-EQ,INE320J01015,RITES LIMITED,10100000003761,2026-08-27
RKDL,NSE:RKDL-EQ,INE722J01012,RAVI KUMAR DIST. LTD.,101000000020950,2026-08-27
RKEC,NSE:RKEC-EQ,INE786W01010,RKEC PROJECTS LIMITED,10100000001547,2026-08-27
RKFORGE,NSE:RKFORGE-EQ,INE399G01023,RAMKRISHNA FORGINGS LTD,101000000011411,2026-08-27
RKSWAMY,NSE:RKSWAMY-EQ,INE0NQ801033,R K SWAMY LIMITED,101000000023043,2026-08-27
RMC,NSE:RMC-EQ,INE655V01019,RMC SWITCHGEARS LIMITED,1010000000762346,2026-08-27
RML,NSE:RML-EQ,INE050H01012,RANE (MADRAS) LIMITED,101000000011975,2026-08-27
RNBDENIMS,NSE:RNBDENIMS-EQ,INE012Q01039,R&B DENIMS LIMITED,1010000000758981,2026-08-27
ROHLTD,NSE:ROHLTD-EQ,INE283H01019,ROYAL ORCHID HOTELS LTD,101000000013182,2026-08-27
ROLEXRINGS,NSE:ROLEXRINGS-EQ,INE645S01024,ROLEX RINGS LIMITED,10100000005279,2026-08-27
ROML,NSE:ROML-EQ,INE294G01026,RAJ OIL MILLS LIMITED,1010000000359,2026-08-27
ROSSARI,NSE:ROSSARI-EQ,INE02A801020,ROSSARI BIOTECH LIMITED,101000000019410,2026-08-27
ROSSELLIND,NSE:ROSSELLIND-EQ,INE847C01020,ROSSELL INDIA LIMITED,101000000028913,2026-08-27
ROSSTECH,NSE:ROSSTECH-EQ,INE0OJW01016,ROSSELL TECHSYS LIMITED,101000000027353,2026-08-27
ROTO,NSE:ROTO-EQ,INE535D01037,ROTO PUMPS LIMITED,10100000009049,2026-08-27
ROUTE,NSE:ROUTE-EQ,INE450U01017,ROUTE MOBILE LIMITED,1010000000128,2026-08-27
RPEL,NSE:RPEL-EQ,INE912T01018,RAGHAV PRODUCTIVITY ENH L,101000000024735,2026-08-27
RPGLIFE,NSE:RPGLIFE-EQ,INE105J01010,RPG LIFE SCIENCES LTD,101000000016725,2026-08-27
RPOWER,NSE:RPOWER-EQ,INE614G01033,RELIANCE POWER LTD.,101000000015259,2026-08-27
RPPINFRA,NSE:RPPINFRA-EQ,INE324L01013,R.P.P INFRA PROJECTS LTD,101000000020760,2026-08-27
RPSGVENT,NSE:RPSGVENT-EQ,INE425Y01011,RPSG VENTURES LIMITED,10100000008119,2026-08-27
RPTECH,NSE:RPTECH-EQ,INE0J1F01024,RASHI PERIPHERALS LIMITED,101000000022670,2026-08-27
RRECL,NSE:RRECL-EQ,INE0AK901016,RDB REAL ESTATE CONS L,1010000000764850,2026-08-27
RRIL,NSE:RRIL-EQ,INE951M01037,R R I L LTD.,1010000000762864,2026-08-27
RRKABEL,NSE:RRKABEL-EQ,INE777K01022,R R KABEL LIMITED,101000000018566,2026-08-27
RSL,NSE:RSL-EQ,INE313L01016,RAJPUTANA STAINLESS LTD,1010000000761439,2026-08-27
RSSOFTWARE,NSE:RSSOFTWARE-EQ,INE165B01029,R. S. SOFTWARE (INDIA) LI,10100000006429,2026-08-27
RSYSTEMS,NSE:RSYSTEMS-EQ,INE411H01032,R SYS INTERNATIONAL LTD,101000000013414,2026-08-27
RTNINDIA,NSE:RTNINDIA-EQ,INE834M01019,RATTANINDIA ENT LIMITED,101000000027297,2026-08-27
RTNPOWER,NSE:RTNPOWER-EQ,INE399K01017,RATTANINDIA POWER LIMITED,101000000017520,2026-08-27
RTSPOWR,NSE:RTSPOWR-EQ,INE005C01017,R T S POWER CORPN. LTD.,1010000000764855,2026-08-27
RUBFILA,NSE:RUBFILA-EQ,INE642C01025,RUBFILA INTERNATIONAL LTD,101000000024730,2026-08-27
RUBICON,NSE:RUBICON-EQ,INE506V01022,RUBICON RESEARCH LIMITED,1010000000759316,2026-08-27
RUCHINFRA,NSE:RUCHINFRA-EQ,INE413B01023,RUCHI INFRASTRUCTURE LTD,10100000004566,2026-08-27
RUCHIRA,NSE:RUCHIRA-EQ,INE803H01014,RUCHIRA PAPERS LIMITED,101000000013821,2026-08-27
RUDRA,NSE:RUDRA-EQ,INE027T01023,RUDRA GLOBAL INFRA PROD L,1010000000760392,2026-08-27
RUPA,NSE:RUPA-EQ,INE895B01021,RUPA & COMPANY LTD,101000000025724,2026-08-27
RUSHIL,NSE:RUSHIL-EQ,INE573K01025,RUSHIL DECOR LIMITED,101000000024595,2026-08-27
RUSTOMJEE,NSE:RUSTOMJEE-EQ,INE263M01029,KEYSTONE REALTORS LIMITED,101000000012219,2026-08-27
RVHL,NSE:RVHL-EQ,INE09E501017,RAVINDER HEIGHTS LIMITED,10100000001565,2026-08-27
RVNL,NSE:RVNL-EQ,INE415G01027,RAIL VIKAS NIGAM LIMITED,10100000009552,2026-08-27
RVTH,NSE:RVTH-EQ,INE0DAB01012,REVATHI EQUIPMENT INDIA L,101000000025157,2026-08-27
S&SPOWER,NSE:S&SPOWER-EQ,INE902B01017,S&S POWER SWITCHGEARS LTD,10100000002951,2026-08-27
SAATVIKGL,NSE:SAATVIKGL-EQ,INE13B501022,SAATVIK GREEN ENERGY LTD,1010000000759057,2026-08-27
SAB,NSE:SAB-EQ,INE137M01017,S A B INDUSTRIES LTD.,1010000000764860,2026-08-27
SADBHAV,NSE:SADBHAV-EQ,INE226H01026,SADBHAV ENGINEERING LTD,101000000013236,2026-08-27
SAFARI,NSE:SAFARI-EQ,INE429E01023,SAFARI IND (INDIA) LTD,101000000013035,2026-08-27
SAGARDEEP,NSE:SAGARDEEP-EQ,INE976T01013,SAGARDEEP ALLOYS LIMITED,10100000008175,2026-08-27
SAGCEM,NSE:SAGCEM-EQ,INE229C01021,SAGAR CEMENTS LIMITED,101000000014068,2026-08-27
SAGILITY,NSE:SAGILITY-EQ,INE0W2G01015,SAGILITY LIMITED,101000000027052,2026-08-27
SAHLIBHFI,NSE:SAHLIBHFI-EQ,INE861D01011,SHALIBHADRA FINANCE LTD,1010000000761688,2026-08-27
SAHYADRI,NSE:SAHYADRI-EQ,INE280H01015,SAHYADRI INDUSTRIES LTD,101000000014900,2026-08-27
SAICAPI,NSE:SAICAPI-EQ,INE531X01018,SAI CAPITAL LTD.,1010000000764865,2026-08-27
SAIL,NSE:SAIL-EQ,INE114A01011,STEEL AUTHORITY OF INDIA,10100000002963,2026-08-27
SAILIFE,NSE:SAILIFE-EQ,INE570L01029,SAI LIFE SCIENCES LIMITED,101000000027839,2026-08-27
SAIPARENT,NSE:SAIPARENT-EQ,INE0H9F01037,SAI PARENTERALS LIMITED,1010000000761675,2026-08-27
SAKAR,NSE:SAKAR-EQ,INE732S01012,SAKAR HEALTHCARE LIMITED,10100000009539,2026-08-27
SAKHTISUG,NSE:SAKHTISUG-EQ,INE623A01011,SAKTHI SUGARS LTD,10100000002969,2026-08-27
SAKSOFT,NSE:SAKSOFT-EQ,INE667G01023,SAKSOFT LIMITED,101000000011794,2026-08-27
SAKUMA,NSE:SAKUMA-EQ,INE190H01024,SAKUMA EXPORTS LIMITED,101000000013251,2026-08-27
SALASAR,NSE:SALASAR-EQ,INE170V01027,SALASAR TECHNO ENGG. LTD.,101000000021362,2026-08-27
SALONA,NSE:SALONA-EQ,INE498E01010,SALONA COTSPIN LTD.,101000000017351,2026-08-27
SALSTEEL,NSE:SALSTEEL-EQ,INE658G01014,S.A.L. STEEL LTD.,101000000011634,2026-08-27
SALZERELEC,NSE:SALZERELEC-EQ,INE457F01013,SALZER ELECTRONICS LTD,101000000011399,2026-08-27
SAMBANDAM,NSE:SAMBANDAM-EQ,INE304D01012,SAMBANDAM SPINNING MILL L,1010000000764870,2026-08-27
SAMBHAAV,NSE:SAMBHAAV-EQ,INE699B01027,SAMBHAAV MEDIA LTD,10100000004127,2026-08-27
SAMBHV,NSE:SAMBHV-EQ,INE12NJ01018,SAMBHV STEEL TUBES LTD,1010000000757767,2026-08-27
SAMHI,NSE:SAMHI-EQ,INE08U801020,SAMHI HOTELS LIMITED,101000000018614,2026-08-27
SAMMAANCAP,NSE:SAMMAANCAP-EQ,INE148I01020,SAMMAAN CAPITAL LIMITED,101000000030125,2026-08-27
SAMPANN,NSE:SAMPANN-EQ,INE735M01018,SAMPANN UTPADAN INDIA LTD,101000000027303,2026-08-27
SANATHAN,NSE:SANATHAN-EQ,INE0JPD01013,SANATHAN TEXTILES LIMITED,101000000028805,2026-08-27
SANDESH,NSE:SANDESH-EQ,INE583B01015,SANDESH LTD,10100000002988,2026-08-27
SANDHAR,NSE:SANDHAR-EQ,INE278H01035,SANDHAR TECHNOLOGIES LTD,10100000002397,2026-08-27
SANDUMA,NSE:SANDUMA-EQ,INE149K01016,SANDUR MANG & IRON ORES L,101000000018359,2026-08-27
SANGAMIND,NSE:SANGAMIND-EQ,INE495C01010,SANGAM (INDIA) LTD,10100000004184,2026-08-27
SANGHVIMOV,NSE:SANGHVIMOV-EQ,INE989A01032,SANGHVI MOVERS LTD,101000000014058,2026-08-27
SANOFI,NSE:SANOFI-EQ,INE058A01010,SANOFI INDIA LIMITED,10100000001442,2026-08-27
SANOFICONR,NSE:SANOFICONR-EQ,INE0UOS01011,SANOFI CONS HEALTHC IND L,101000000025222,2026-08-27
SANSERA,NSE:SANSERA-EQ,INE953O01021,SANSERA ENGINEERING LTD,10100000005751,2026-08-27
SANSTAR,NSE:SANSTAR-EQ,INE08NE01025,SANSTAR LIMITED,101000000024582,2026-08-27
SAPPHIRE,NSE:SAPPHIRE-EQ,INE806T01020,SAPPHIRE FOODS INDIA LTD,10100000006718,2026-08-27
SAPPL,NSE:SAPPL-EQ,INE185C01017,SHREE AJIT PULP & PAPER L,1010000000762874,2026-08-27
SARDAEN,NSE:SARDAEN-EQ,INE385C01021,SARDA ENERGY & MIN LTD,101000000017758,2026-08-27
SAREGAMA,NSE:SAREGAMA-EQ,INE979A01025,SAREGAMA INDIA LIMITED,10100000004892,2026-08-27
SARLAPOLY,NSE:SARLAPOLY-EQ,INE453D01025,SARLA PERF. FIBERS LTD,101000000014043,2026-08-27
SARVESHWAR,NSE:SARVESHWAR-EQ,INE324X01026,SARVESHWAR FOODS LIMITED,101000000012913,2026-08-27
SASKEN,NSE:SASKEN-EQ,INE231F01020,SASKEN TECHNOLOGIES LTD,101000000011983,2026-08-27
SATIA,NSE:SATIA-EQ,INE170E01023,SATIA INDUSTRIES LIMITED,101000000011045,2026-08-27
SATIN,NSE:SATIN-EQ,INE836B01017,SATIN CREDIT NET LTD,101000000010453,2026-08-27
SAURASHCEM,NSE:SAURASHCEM-EQ,INE626A01014,SAURASHTRA CEMENT LIMITED,10100000003018,2026-08-27
SAYAJIHOTL,NSE:SAYAJIHOTL-EQ,INE318C01014,SAYAJI HOTELS LTD.,1010000000762879,2026-08-27
SAYAJIIND,NSE:SAYAJIIND-EQ,INE327G01032,SAYAJI INDUSTRIES LTD.,1010000000764875,2026-08-27
SBC,NSE:SBC-EQ,INE04AK01028,SBC EXPORTS LIMITED,10100000006792,2026-08-27
SBCL,NSE:SBCL-EQ,INE386D01027,SHIVALIK BIMETAL CON. LTD,10100000004656,2026-08-27
SBFC,NSE:SBFC-EQ,INE423Y01016,SBFC FINANCE LIMITED,101000000018026,2026-08-27
SBGLP,NSE:SBGLP-EQ,INE05ST01028,SURATWWALA BUS GROUP LTD,101000000014139,2026-08-27
SBICARD,NSE:SBICARD-EQ,INE018E01016,SBI CARDS & PAY SER LTD,101000000017971,2026-08-27
SBIFUNDS,NSE:SBIFUNDS-EQ,INE640G01020,SBI FUNDS MANAGEMENT LTD,1010000000764173,2026-08-27
SBILIFE,NSE:SBILIFE-EQ,INE123W01016,SBI LIFE INSURANCE CO LTD,101000000021808,2026-08-27
SBIN,NSE:SBIN-EQ,INE062A01020,STATE BANK OF INDIA,10100000003045,2026-08-27
SCHAEFFLER,NSE:SCHAEFFLER-EQ,INE513A01022,SCHAEFFLER INDIA LIMITED,10100000001011,2026-08-27
SCHAND,NSE:SCHAND-EQ,INE807K01035,S CHAND AND COMPANY LTD,101000000020698,2026-08-27
SCHNEIDER,NSE:SCHNEIDER-EQ,INE839M01018,SCHNEIDER ELECTRIC INFRA,101000000031234,2026-08-27
SCI,NSE:SCI-EQ,INE109A01011,SHIPPING CORP OF INDIA LT,10100000003048,2026-08-27
SCILAL,NSE:SCILAL-EQ,INE0PB301013,SHIPPING CORP OF ILA LTD,101000000023127,2026-08-27
SCODATUBES,NSE:SCODATUBES-EQ,INE090501011,SCODA TUBES LIMITED,1010000000757478,2026-08-27
SDBL,NSE:SDBL-EQ,INE480C01038,SOM DIST & BREW LTD,10100000001338,2026-08-27
SEAMECLTD,NSE:SEAMECLTD-EQ,INE497B01018,SEAMEC LIMITED,10100000002616,2026-08-27
SECMARK,NSE:SECMARK-EQ,INE0BTM01013,SECMARK CONSULTANCY LTD,101000000019496,2026-08-27
SECURKLOUD,NSE:SECURKLOUD-EQ,INE650K01021,SECUREKLOUD TECH LIMITED,101000000011058,2026-08-27
SEDEMAC,NSE:SEDEMAC-EQ,INE00XB01019,SEDEMAC MECHATRONICS LTD,1010000000761153,2026-08-27
SEIL,NSE:SEIL-EQ,INE440T01028,SHANTI EDU INITIATIVES L,1010000000762889,2026-08-27
SEJALLTD,NSE:SEJALLTD-EQ,INE955I01044,SEJAL GLASS LIMITED,10100000007091,2026-08-27
SEKURITIND,NSE:SEKURITIND-EQ,INE068B01017,SAINT GOBAIN SEKUR IND L,1010000000764880,2026-08-27
SELMC,NSE:SELMC-EQ,INE105I01020,SEL MANUFACTURING CO LTD,10100000006262,2026-08-27
SEMAC,NSE:SEMAC-EQ,INE617A01013,SEMAC CONSTRUCTION LTD,101000000011961,2026-08-27
SENCO,NSE:SENCO-EQ,INE602W01027,SENCO GOLD LIMITED,101000000017271,2026-08-27
SENORES,NSE:SENORES-EQ,INE0RB801010,SENORES PHARMACEUTICALS L,101000000028888,2026-08-27
SEPC,NSE:SEPC-EQ,INE964H01014,SEPC LIMITED,101000000015308,2026-08-27
SERVOTECH,NSE:SERVOTECH-EQ,INE782X01033,SERVOTECH REN POW SYS LTD,10100000005507,2026-08-27
SESHAPAPER,NSE:SESHAPAPER-EQ,INE630A01024,SESHASAYEE PAPER & BOARDS,10100000003066,2026-08-27
SETL,NSE:SETL-EQ,INE0M4D01010,STANDARD ENGNG TCNLGY LTD,101000000029075,2026-08-27
SFL,NSE:SFL-EQ,INE916U01025,SHEELA FOAM LIMITED,101000000019184,2026-08-27
SGFIN,NSE:SGFIN-EQ,INE618R01015,SG FINSERVE LIMITED,1010000000758853,2026-08-27
SGIL,NSE:SGIL-EQ,INE00QT01015,SYNERGY GREEN IND. LTD,10100000005114,2026-08-27
SGL,NSE:SGL-EQ,INE353H01010,STL GLOBAL LIMITED,101000000013367,2026-08-27
SGLRES,NSE:SGLRES-EQ,INE967B01028,SGL RESOURCES LIMITED,1010000000765247,2026-08-27
SGMART,NSE:SGMART-EQ,INE385F01024,SG MART LIMITED,1010000000758889,2026-08-27
SGRL,NSE:SGRL-EQ,INE414Y01015,SHREE GANESH REMEDIES LTD,1010000000764885,2026-08-27
SHADOWFAX,NSE:SHADOWFAX-EQ,INE12UN01015,SHADOWFAX TECHNOLOGIES L,1010000000761469,2026-08-27
SHAH,NSE:SHAH-EQ,INE482J01021,SHAH METACORP LIMITED,101000000020296,2026-08-27
SHAHALLOYS,NSE:SHAHALLOYS-EQ,INE640C01011,SHAH ALLOYS LIMITED,101000000011856,2026-08-27
SHAILY,NSE:SHAILY-EQ,INE151G01028,SHAILY ENG PLASTICS LTD,10100000008727,2026-08-27
SHAKTIPUMP,NSE:SHAKTIPUMP-EQ,INE908D01010,SHAKTI PUMPS (I) LTD,101000000025574,2026-08-27
SHALBY,NSE:SHALBY-EQ,INE597J01018,SHALBY LIMITED,1010000000714,2026-08-27
SHANKARA,NSE:SHANKARA-EQ,INE274V01019,SHANKARA BLDG PRODUCT LTD,101000000020321,2026-08-27
SHANKESH,NSE:SHANKESH-EQ,INE1WFC01025,SHANKESH JEWELLERS LTD,1010000000765382,2026-08-27
SHANTI,NSE:SHANTI-EQ,INE933X01016,SHANTI OVERSEAS INDIA LTD,10100000005650,2026-08-27
SHANTIGEAR,NSE:SHANTIGEAR-EQ,INE631A01022,SHANTHI GEARS LTD,10100000003078,2026-08-27
SHANTIGOLD,NSE:SHANTIGOLD-EQ,INE06ZD01017,SHANTI GOLD INTERNATION L,1010000000758002,2026-08-27
SHARDACROP,NSE:SHARDACROP-EQ,INE221J01015,SHARDA CROPCHEM LTD.,10100000004992,2026-08-27
SHARDAMOTR,NSE:SHARDAMOTR-EQ,INE597I01028,SHARDA MOTOR INDS LTD,101000000010530,2026-08-27
SHAREINDIA,NSE:SHAREINDIA-EQ,INE932X01026,SHARE IND. SECURITIES LTD,1010000000104,2026-08-27
SHBAJRG,NSE:SHBAJRG-EQ,INE402H01015,SHRI BAJRANG ALLIANCE L,1010000000762899,2026-08-27
SHERVANI,NSE:SHERVANI-EQ,INE011D01013,SHERVANI INDUSTRIAL SYN L,1010000000764890,2026-08-27
SHILCTECH,NSE:SHILCTECH-EQ,INE024F01011,SHILCHAR TECHNOLOGIES LTD,1010000000759847,2026-08-27
SHILGRAVQ,NSE:SHILGRAVQ-EQ,INE960A01017,SHILP GRAVURES LTD.,1010000000764895,2026-08-27
SHILPAMED,NSE:SHILPAMED-EQ,INE790G01031,SHILPA MEDICARE LTD,101000000017752,2026-08-27
SHINDL,NSE:SHINDL-EQ,INE220Z01013,SHARAT INDUSTRIES LTD.,1010000000762904,2026-08-27
SHIPROCKET,NSE:SHIPROCKET-EQ,INE0FOO01011,SHIPROCKET LIMITED,1010000000765282,2026-08-27
SHIVAAGRO,NSE:SHIVAAGRO-EQ,INE960E01019,SHIVA GLOBAL AGRO INDS. L,1010000000764900,2026-08-27
SHIVACEM,NSE:SHIVACEM-EQ,INE555C01029,SHIVA CEMENT LTD.,1010000000765160,2026-08-27
SHIVAMILLS,NSE:SHIVAMILLS-EQ,INE644Y01017,SHIVA MILLS LIMITED,10100000001497,2026-08-27
SHIVATEX,NSE:SHIVATEX-EQ,INE705C01020,SHIVA TEXYARN LIMITED,1010000000804,2026-08-27
SHIVAUM,NSE:SHIVAUM-EQ,INE719F01016,SHIV AUM STEELS LIMITED,1010000000759747,2026-08-27
SHK,NSE:SHK-EQ,INE500L01026,S H KELKAR AND CO. LTD.,101000000011212,2026-08-27
SHOPERSTOP,NSE:SHOPERSTOP-EQ,INE498B01024,SHOPPERS STOP LIMITED,101000000011813,2026-08-27
SHRADDHA,NSE:SHRADDHA-EQ,INE311M01018,SHRADDHA PRIME PROJECTS L,1010000000764905,2026-08-27
SHRADHA,NSE:SHRADHA-EQ,INE715Y01031,SHRADHA REALTY LIMITED,1010000000708,2026-08-27
SHREDIGCEM,NSE:SHREDIGCEM-EQ,INE232A01011,SHREE DIGVIJAY CEM CO LTD,10100000003099,2026-08-27
SHREECEM,NSE:SHREECEM-EQ,INE070A01015,SHREE CEMENT LIMITED,10100000003103,2026-08-27
SHREEJISPG,NSE:SHREEJISPG-EQ,INE1B6101010,SHREEJI SHIPPING GLOBAL L,1010000000759448,2026-08-27
SHREEPUSHK,NSE:SHREEPUSHK-EQ,INE712K01011,SHRE PUSH CHEM & FERT LTD,101000000010588,2026-08-27
SHREERAMA,NSE:SHREERAMA-EQ,INE879A01019,SHREE RAMA MULTI TECH LTD,10100000007627,2026-08-27
SHREYANIND,NSE:SHREYANIND-EQ,INE231C01019,SHREYANS INDUSTRIES LTD,10100000003126,2026-08-27
SHRIKRISH,NSE:SHRIKRISH-EQ,INE997I01012,SHRI KRISHNA DEVCON LTD.,1010000000762909,2026-08-27
SHRINGARMS,NSE:SHRINGARMS-EQ,INE1B3L01017,SHRINGAR HOU OF MANGALS L,1010000000759093,2026-08-27
SHRIPISTON,NSE:SHRIPISTON-EQ,INE526E01018,SPR AUTO TECHNOLOGIES LTD,101000000017186,2026-08-27
SHRIRAMFIN,NSE:SHRIRAMFIN-EQ,INE721A01047,SHRIRAM FINANCE LIMITED,10100000004306,2026-08-27
SHRIRAMPPS,NSE:SHRIRAMPPS-EQ,INE217L01019,SHRIRAM PROPERTIES LTD,10100000007200,2026-08-27
SHRJAGP,NSE:SHRJAGP-EQ,INE564J01026,SHRI JAGDAMBA POLYMERS L,1010000000764910,2026-08-27
SHUKRAPHAR,NSE:SHUKRAPHAR-EQ,INE551C01044,SHUKRA PHARMACEUTICALS L,1010000000764537,2026-08-27
SHYAMMETL,NSE:SHYAMMETL-EQ,INE810G01011,SHYAM METALICS AND ENGY L,10100000004693,2026-08-27
SHYAMTEL,NSE:SHYAMTEL-EQ,INE635A01023,SHYAM TELECOM LIMITED,101000000013740,2026-08-27
SICAGEN,NSE:SICAGEN-EQ,INE176J01011,SICAGEN INDIA LIMITED,101000000016875,2026-08-27
SIEL,NSE:SIEL-EQ,INE843L01012,SUPERIOR INDUSTRIAL ENT L,10100000003147,2026-08-27
SIEMENS,NSE:SIEMENS-EQ,INE003A01024,SIEMENS LTD,10100000003150,2026-08-27
SIGACHI,NSE:SIGACHI-EQ,INE0D0K01022,SIGACHI INDUSTRIES LTD,10100000006663,2026-08-27
SIGMA,NSE:SIGMA-EQ,INE0A0S01028,SIGMA SOLVE LIMITED,101000000016658,2026-08-27
SIGNATURE,NSE:SIGNATURE-EQ,INE903U01023,SIGNATUREGLOBAL INDIA LTD,101000000018743,2026-08-27
SIGNPOST,NSE:SIGNPOST-EQ,INE0KGZ01021,SIGNPOST INDIA LIMITED,101000000022656,2026-08-27
SIKA,NSE:SIKA-EQ,INE438E01032,SIKA INTERPLANT SYSTEMS L,1010000000762914,2026-08-27
SIL,NSE:SIL-EQ,INE173A01025,STANDARD INDUSTRIES LTD.,101000000011297,2026-08-27
SILGO,NSE:SILGO-EQ,INE01II01013,SILGO RETAIL LIMITED,10100000002492,2026-08-27
SILINV,NSE:SILINV-EQ,INE923A01015,SIL INVESTMENTS LIMITED,10100000004105,2026-08-27
SILLYMONKS,NSE:SILLYMONKS-EQ,INE203Y01012,SILLY MONKS ENTERTAIN LTD,101000000019097,2026-08-27
SILVERTUC,NSE:SILVERTUC-EQ,INE625X01026,SILVER TOUCH TECHNO LTD,10100000009422,2026-08-27
SIMPLEXINF,NSE:SIMPLEXINF-EQ,INE059B01024,SIMPLEX INFRASTRUCTURES L,10100000003162,2026-08-27
SIMPLXREA,NSE:SIMPLXREA-EQ,INE167H01014,SIMPLEX REALTY LTD.,1010000000764915,2026-08-27
SINCLAIR,NSE:SINCLAIR-EQ,INE985A01022,SINCLAIRS HOTELS LIMITED,101000000023480,2026-08-27
SINDHUTRAD,NSE:SINDHUTRAD-EQ,INE325D01025,SINDHU TRADE LINKS LTD,101000000016859,2026-08-27
SINGERIND,NSE:SINGERIND-EQ,INE638A01035,SINGER INDIA LIMITED,1010000000761420,2026-08-27
SINTERCOM,NSE:SINTERCOM-EQ,INE129Z01016,SINTERCOM INDIA LIMITED,1010000000381,2026-08-27
SIRCA,NSE:SIRCA-EQ,INE792Z01011,SIRCA PAINT INDIA LIMITED,101000000011050,2026-08-27
SIS,NSE:SIS-EQ,INE285J01028,SIS LIMITED,101000000021501,2026-08-27
SIYSIL,NSE:SIYSIL-EQ,INE076B01028,SIYARAM SILK MILLS LTD,101000000014096,2026-08-27
SJS,NSE:SJS-EQ,INE284S01014,SJS ENTERPRISES LIMITED,10100000006643,2026-08-27
SJVN,NSE:SJVN-EQ,INE002L01015,SJVN LTD,101000000018883,2026-08-27
SKFINDIA,NSE:SKFINDIA-EQ,INE640A01023,SKF INDIA LTD,10100000003186,2026-08-27
SKFINDUS,NSE:SKFINDUS-EQ,INE2J8701016,SKF IND (INDUSTRIAL) LTD,1010000000760101,2026-08-27
SKIPPER,NSE:SKIPPER-EQ,INE439E01022,SKIPPER LIMITED,10100000009428,2026-08-27
SKMEGGPROD,NSE:SKMEGGPROD-EQ,INE411D01023,SKM EGG PROD EXPORT(I) LT,10100000004732,2026-08-27
SKYGOLD,NSE:SKYGOLD-EQ,INE01IU01018,SKY GOLD AND DIAMONDS LTD,101000000013631,2026-08-27
SMARTWORKS,NSE:SMARTWORKS-EQ,INE0NAZ01010,SMARTWORKS COWORKING SP L,1010000000757965,2026-08-27
SMCGLOBAL,NSE:SMCGLOBAL-EQ,INE103C01036,SMC GLOBAL SECURITIES LTD,10100000002320,2026-08-27
SMLMAH,NSE:SMLMAH-EQ,INE294B01019,SML MAHINDRA LIMITED,10100000003387,2026-08-27
SMLT,NSE:SMLT-EQ,INE017W01010,SARTHAK METALS LIMITED,10100000006843,2026-08-27
SMSPHARMA,NSE:SMSPHARMA-EQ,INE812G01025,SMS PHARMACEUTICALS LTD.,101000000014329,2026-08-27
SNOWMAN,NSE:SNOWMAN-EQ,INE734N01019,SNOWMAN LOGISTICS LTD.,10100000004843,2026-08-27
SOBHA,NSE:SOBHA-EQ,INE671H01015,SOBHA LIMITED,101000000013826,2026-08-27
SOFTTECH,NSE:SOFTTECH-EQ,INE728Z01015,SOFTTECH ENGINEERS LTD,10100000008266,2026-08-27
SOLARA,NSE:SOLARA-EQ,INE624Z01016,SOLARA ACTIVE PHA SCI LTD,10100000003672,2026-08-27
SOLARINDS,NSE:SOLARINDS-EQ,INE343H01029,SOLAR INDUSTRIES (I) LTD,101000000013332,2026-08-27
SOLARWORLD,NSE:SOLARWORLD-EQ,INE0TY101024,SOLARWORLD ENERGY SOL LTD,1010000000759929,2026-08-27
SOLEX,NSE:SOLEX-EQ,INE880Y01017,SOLEX ENERGY LIMITED,1010000000759397,2026-08-27
SOMANYCERA,NSE:SOMANYCERA-EQ,INE355A01028,SOMANY CERAMICS LIMITED,10100000003880,2026-08-27
SOMATEX,NSE:SOMATEX-EQ,INE314C01013,SOMA TEXTILES & INDUST LT,10100000004201,2026-08-27
SOMICONVEY,NSE:SOMICONVEY-EQ,INE323J01019,SOMI CONVEYOR BELT. LTD.,101000000017794,2026-08-27
SONACOMS,NSE:SONACOMS-EQ,INE073K01018,SONA BLW PRECISION FRGS L,10100000004684,2026-08-27
SONAL,NSE:SONAL-EQ,INE321M01017,SONAL MERCANTILE LTD.,1010000000762919,2026-08-27
SONAMLTD,NSE:SONAMLTD-EQ,INE00LM01029,SONAM LIMITED,10100000008806,2026-08-27
SONATSOFTW,NSE:SONATSOFTW-EQ,INE269A01021,SONATA SOFTWARE LTD,10100000006596,2026-08-27
SOTL,NSE:SOTL-EQ,INE035D01020,SAVITA OIL TECHNOLO. LTD,10100000003021,2026-08-27
SOUTHBANK,NSE:SOUTHBANK-EQ,INE683A01023,THE SOUTH INDIAN BANK LTD,10100000005948,2026-08-27
SOUTHWEST,NSE:SOUTHWEST-EQ,INE980Y01015,SOUTH WEST PINNACLE LTD,10100000009678,2026-08-27
SPAL,NSE:SPAL-EQ,INE212I01016,S. P. APPARELS LIMITED,101000000018252,2026-08-27
SPANDANA,NSE:SPANDANA-EQ,INE572J01011,SPANDANA SPHOORTY FIN LTD,101000000011435,2026-08-27
SPARC,NSE:SPARC-EQ,INE232I01014,SUN PHARMA ADV.RES.CO.LTD,101000000014788,2026-08-27
SPCENET,NSE:SPCENET-EQ,INE970N01027,SPACENET ENTERS IND LTD,101000000019372,2026-08-27
SPELS,NSE:SPELS-EQ,INE252A01019,SPEL SEMICONDUCTOR LTD,1010000000764920,2026-08-27
SPENCERS,NSE:SPENCERS-EQ,INE020801028,SPENCER S RETAIL LIMITED,10100000008163,2026-08-27
SPIC,NSE:SPIC-EQ,INE147A01011,SPIC LTD,10100000003252,2026-08-27
SPLIL,NSE:SPLIL-EQ,INE978G01016,SPL INDUSTRIES LIMITED,101000000011935,2026-08-27
SPLPETRO,NSE:SPLPETRO-EQ,INE663A01033,SUPREME PETROCHEM LIMITED,10100000009617,2026-08-27
SPMLINFRA,NSE:SPMLINFRA-EQ,INE937A01023,SPML INFRA LIMITED,10100000003321,2026-08-27
SPORTKING,NSE:SPORTKING-EQ,INE885H01029,SPORTKING INDIA LIMITED,101000000010733,2026-08-27
SRD,NSE:SRD-EQ,INE01NE01012,SHANKAR LAL RAMPAL LTD,101000000025737,2026-08-27
SREEL,NSE:SREEL-EQ,INE099F01013,SREELEATHERS LIMITED,101000000031837,2026-08-27
SRF,NSE:SRF-EQ,INE647A01010,SRF LTD,10100000003273,2026-08-27
SRGHFL,NSE:SRGHFL-EQ,INE559N01010,SRG HOUSING FINANCE L,101000000018119,2026-08-27
SRHHYPOLTD,NSE:SRHHYPOLTD-EQ,INE917H01012,SREE RAYALSEEMA HHP LTD.,101000000014582,2026-08-27
SRIKPRIND,NSE:SRIKPRIND-EQ,INE009C01019,SRI KPR INDUSTRIES LTD.,1010000000765165,2026-08-27
SRM,NSE:SRM-EQ,INE0R6Z01013,SRM CONTRACTORS LIMITED,101000000023402,2026-08-27
SRTL,NSE:SRTL-EQ,INE19GK01015,SHREE RAM TWISTEX LIMITED,1010000000760188,2026-08-27
SSDL,NSE:SSDL-EQ,INE0PQ101010,SARASWATI SAREE DEPOT LTD,101000000024856,2026-08-27
SSWL,NSE:SSWL-EQ,INE802C01033,STEEL STRIPS WHEELS LTD.,101000000011829,2026-08-27
STANLEY,NSE:STANLEY-EQ,INE01A001028,STANLEY LIFESTYLES LTD,101000000024226,2026-08-27
STAR,NSE:STAR-EQ,INE939A01011,STRIDES PHARMA SCI LTD,10100000007374,2026-08-27
STARCEMENT,NSE:STARCEMENT-EQ,INE460H01021,STAR CEMENT LIMITED,101000000021091,2026-08-27
STARHEALTH,NSE:STARHEALTH-EQ,INE575P01011,STAR HEALTH & AL INS CO L,10100000007083,2026-08-27
STARPAPER,NSE:STARPAPER-EQ,INE733A01018,STAR PAPER MILLS LTD,10100000003291,2026-08-27
STARTECK,NSE:STARTECK-EQ,INE992I01013,STARTECK FINANCE LIMITED,10100000009305,2026-08-27
STCINDIA,NSE:STCINDIA-EQ,INE655A01013,THE STATE TRADING CORPN,101000000010948,2026-08-27
STEELCAS,NSE:STEELCAS-EQ,INE124E01038,STEELCAST LIMITED,10100000006803,2026-08-27
STEELCITY,NSE:STEELCITY-EQ,INE395H01011,STEEL CITY SECURITIES LTD,101000000010406,2026-08-27
STEELXIND,NSE:STEELXIND-EQ,INE503B01021,STEEL EXCHANGE INDIA LTD,101000000021339,2026-08-27
STEL,NSE:STEL-EQ,INE577L01016,STEL HOLDINGS LIMITED,101000000021484,2026-08-27
STLNETWORK,NSE:STLNETWORK-EQ,INE1VXE01018,STL NETWORKS LIMITED,1010000000758958,2026-08-27
STLSTRINF,NSE:STLSTRINF-EQ,INE205F01016,STEEL STRIPS INFRA L,1010000000765170,2026-08-27
STOVEKRAFT,NSE:STOVEKRAFT-EQ,INE00IN01015,STOVE KRAFT LIMITED,10100000002107,2026-08-27
STUDDS,NSE:STUDDS-EQ,INE00Q601028,STUDDS ACCESSORIES LTD,1010000000759587,2026-08-27
STYL,NSE:STYL-EQ,INE04VU01023,SESHAASAI TECHNOLOGIES L,1010000000759934,2026-08-27
STYLAMIND,NSE:STYLAMIND-EQ,INE239C01020,STYLAM INDUSTRIES LIMITED,10100000005186,2026-08-27
STYLEBAAZA,NSE:STYLEBAAZA-EQ,INE01FR01028,BAAZAR STYLE RETAIL LTD,101000000025114,2026-08-27
STYRENIX,NSE:STYRENIX-EQ,INE189B01011,STYRENIX PERFORMANCE LTD,101000000019,2026-08-27
SUBEXLTD,NSE:SUBEXLTD-EQ,INE754A01055,SUBEX LTD,1010000000967,2026-08-27
SUBROS,NSE:SUBROS-EQ,INE287B01021,SUBROS LIMITED,10100000003324,2026-08-27
SUDARCOLOR,NSE:SUDARCOLOR-EQ,INE492A01029,SUDARSHAN COLORNT IND LTD,1010000000715,2026-08-27
SUDARSCHEM,NSE:SUDARSCHEM-EQ,INE659A01023,SUDARSHAN CHEMICAL INDS L,10100000003327,2026-08-27
SUDEEPPHRM,NSE:SUDEEPPHRM-EQ,INE0QPI01025,SUDEEP PHARMA LIMITED,1010000000760039,2026-08-27
SUKHJITS,NSE:SUKHJITS-EQ,INE450E01029,SUKHJIT STARCH & CHEM LTD,101000000011804,2026-08-27
SULA,NSE:SULA-EQ,INE142Q01026,SULA VINEYARDS LIMITED,101000000013218,2026-08-27
SUMEDHA,NSE:SUMEDHA-EQ,INE886B01012,SUMEDHA FISCAL SERVICES L,1010000000765175,2026-08-27
SUMEETINDS,NSE:SUMEETINDS-EQ,INE235C01036,SUMEET IND LIMITED,101000000020790,2026-08-27
SUMICHEM,NSE:SUMICHEM-EQ,INE258G01013,SUMITOMO CHEM INDIA LTD,101000000017105,2026-08-27
SUMIT,NSE:SUMIT-EQ,INE748Z01013,SUMIT WOODS LIMITED,101000000011140,2026-08-27
SUMMITSEC,NSE:SUMMITSEC-EQ,INE519C01017,SUMMIT SECURITIES LTD,101000000021275,2026-08-27
SUNCLAY,NSE:SUNCLAY-EQ,INE0Q3R01026,SUNDARAM CLAYTON LIMITED,101000000020956,2026-08-27
SUNDARAM,NSE:SUNDARAM-EQ,INE108E01023,SUNDARAM MULTI PAP LTD,101000000018931,2026-08-27
SUNDARMFIN,NSE:SUNDARMFIN-EQ,INE660A01013,SUNDARAM FINANCE LTD,10100000003339,2026-08-27
SUNDRMFAST,NSE:SUNDRMFAST-EQ,INE387A01021,SUNDRAM FASTENERS LTD,10100000003345,2026-08-27
SUNDROP,NSE:SUNDROP-EQ,INE209A01019,SUNDROP BRANDS LIMITED,10100000001663,2026-08-27
SUNFLAG,NSE:SUNFLAG-EQ,INE947A01014,SUNFLAG IRON AND STEEL CO,10100000003348,2026-08-27
SUNLOC,NSE:SUNLOC-EQ,INE671C01016,SUNIL HEALTHCARE LTD.,1010000000765180,2026-08-27
SUNPHARMA,NSE:SUNPHARMA-EQ,INE044A01036,SUN PHARMACEUTICAL IND L,10100000003351,2026-08-27
SUNRAKSHAK,NSE:SUNRAKSHAK-EQ,INE671K01027,SUNRAKSHAKK INDUS IND L,1010000000764925,2026-08-27
SUNSHIEL,NSE:SUNSHIEL-EQ,INE199E01014,SUNSHIELD CHEMICALS LTD.,1010000000764930,2026-08-27
SUNSHINE,NSE:SUNSHINE-EQ,INE1B3O01011,SUNSHINE PICTURES LIMITED,1010000000765387,2026-08-27
SUNTECK,NSE:SUNTECK-EQ,INE805D01034,SUNTECK REALTY LIMITED,101000000017641,2026-08-27
SUNTV,NSE:SUNTV-EQ,INE424H01027,SUN TV NETWORK LIMITED,101000000013404,2026-08-27
SUPERHOUSE,NSE:SUPERHOUSE-EQ,INE712B01010,SUPERHOUSE LIMITED,101000000020616,2026-08-27
SUPRAJIT,NSE:SUPRAJIT-EQ,INE399C01030,SUPRAJIT ENGINEERING LTD,101000000011689,2026-08-27
SUPREME,NSE:SUPREME-EQ,INE822E01011,SUPREME HOLDIN N HOSP I L,101000000029439,2026-08-27
SUPREMEIND,NSE:SUPREMEIND-EQ,INE195A01028,SUPREME INDUSTRIES LTD,10100000003363,2026-08-27
SUPREMEINF,NSE:SUPREMEINF-EQ,INE550H01011,SUPREME INFRA. LTD.,101000000015002,2026-08-27
SUPRIYA,NSE:SUPRIYA-EQ,INE07RO01027,SUPRIYA LIFESCIENCE LTD,10100000007390,2026-08-27
SURAJEST,NSE:SURAJEST-EQ,INE843S01025,SURAJ ESTATE DEVELOPERS L,101000000020822,2026-08-27
SURAJLTD,NSE:SURAJLTD-EQ,INE713C01016,SURAJ LIMITED,101000000024966,2026-08-27
SURAKSHA,NSE:SURAKSHA-EQ,INE877V01027,SURAKSHA DIAGNOSTIC LTD,101000000027334,2026-08-27
SURANASOL,NSE:SURANASOL-EQ,INE272L01022,SURANA SOLAR LIMITED,101000000021077,2026-08-27
SURANAT&P,NSE:SURANAT&P-EQ,INE130B01031,SURANA TELECOM AND POW LT,101000000010700,2026-08-27
SURYALA,NSE:SURYALA-EQ,INE132C01027,SURYALATA SPINNING MILL L,1010000000762924,2026-08-27
SURYALAXMI,NSE:SURYALAXMI-EQ,INE713B01026,SURYALAKSHMI COT MIL LTD,101000000011852,2026-08-27
SURYAROSNI,NSE:SURYAROSNI-EQ,INE335A01020,SURYA ROSHNI LTD,10100000003375,2026-08-27
SURYODAY,NSE:SURYODAY-EQ,INE428Q01011,SURYODAY SMALL FIN BK LTD,10100000002970,2026-08-27
SUVEN,NSE:SUVEN-EQ,INE495B01038,SUVEN LIFE SCIENCES LTD,101000000011233,2026-08-27
SUVIDHAA,NSE:SUVIDHAA-EQ,INE018401013,SUVIDHAA INFOSERVE LTD,10100000002998,2026-08-27
SUYOG,NSE:SUYOG-EQ,INE442P01014,SUYOG TELEMATICS LIMITED,101000000024851,2026-08-27
SUZLON,NSE:SUZLON-EQ,INE040H01021,SUZLON ENERGY LIMITED,101000000012018,2026-08-27
SVGLOBAL,NSE:SVGLOBAL-EQ,INE159L01013,S V GLOBAL MILL LTD.,1010000000764940,2026-08-27
SVPGLOB,NSE:SVPGLOB-EQ,INE308E01029,SVP GLOBAL TEXTILES LTD,10100000005020,2026-08-27
SWANCORP,NSE:SWANCORP-EQ,INE665A01038,SWAN CORP LIMITED,101000000027095,2026-08-27
SWARAJENG,NSE:SWARAJENG-EQ,INE277A01016,SWARAJ ENGINES LTD,10100000003384,2026-08-27
SWARNSAR,NSE:SWARNSAR-EQ,INE967A01012,SWARNSARITA JEWELS IND L,1010000000765185,2026-08-27
SWELECTES,NSE:SWELECTES-EQ,INE409B01013,SWELECT ENERGY SYS LTD,101000000011909,2026-08-27
SWIGGY,NSE:SWIGGY-EQ,INE00H001014,SWIGGY LIMITED,101000000027066,2026-08-27
SWISSMLTRY,NSE:SWISSMLTRY-EQ,INE010C01025,SWISS MILITARY CON GOOD L,1010000000765190,2026-08-27
SWSOLAR,NSE:SWSOLAR-EQ,INE00M201021,STRLNG & WIL REN ENE LTD,101000000012489,2026-08-27
SYMPHONY,NSE:SYMPHONY-EQ,INE225D01027,SYMPHONY LIMITED,101000000024190,2026-08-27
SYNCOMF,NSE:SYNCOMF-EQ,INE312C01025,SYNCOM FORMU (I) LTD,101000000011992,2026-08-27
SYNGENE,NSE:SYNGENE-EQ,INE398R01022,SYNGENE INTERNATIONAL LTD,101000000010243,2026-08-27
SYRMA,NSE:SYRMA-EQ,INE0DYJ01015,SYRMA SGS TECHNOLOGY LTD,101000000010793,2026-08-27
TAALTECH,NSE:TAALTECH-EQ,INE524T01011,TAAL TECH LTD.,1010000000762929,2026-08-27
TAINWALCHM,NSE:TAINWALCHM-EQ,INE123C01018,TAINWALA CHEMICAL AND PLA,10100000003396,2026-08-27
TAJGVK,NSE:TAJGVK-EQ,INE586B01026,TAJ GVK HOTELS & RESORTS,10100000009354,2026-08-27
TAKE,NSE:TAKE-EQ,INE142I01023,TAKE LIMITED,101000000014917,2026-08-27
TALBROAUTO,NSE:TALBROAUTO-EQ,INE187D01029,TALBROS AUTO. COMP. LTD,101000000013648,2026-08-27
TANAA,NSE:TANAA-EQ,INE692C01020,TANEJA AEROSPACE & AVIA L,1010000000764945,2026-08-27
TANLA,NSE:TANLA-EQ,INE483C01032,TANLA PLATFORMS LIMITED,101000000013976,2026-08-27
TARACHAND,NSE:TARACHAND-EQ,INE555Z01020,TARA CHAND INFRA SOLN LTD,101000000023512,2026-08-27
TARAPUR,NSE:TARAPUR-EQ,INE747K01017,TARAPUR TRANSFORMERS LTD,101000000018827,2026-08-27
TARC,NSE:TARC-EQ,INE0EK901012,TARC LIMITED,10100000001581,2026-08-27
TARIL,NSE:TARIL-EQ,INE763I01026,TRANS & RECTI. LTD,101000000015174,2026-08-27
TARMAT,NSE:TARMAT-EQ,INE924H01018,TARMAT LIMITED,101000000014771,2026-08-27
TARSONS,NSE:TARSONS-EQ,INE144Z01023,TARSONS PRODUCTS LIMITED,10100000006943,2026-08-27
TASTYBITE,NSE:TASTYBITE-EQ,INE488B01017,TASTY BITE EATABLES LTD,101000000020092,2026-08-27
TATACAP,NSE:TATACAP-EQ,INE976I01016,TATA CAPITAL LIMITED,1010000000759265,2026-08-27
TATACHEM,NSE:TATACHEM-EQ,INE092A01019,TATA CHEMICALS LTD,10100000003405,2026-08-27
TATACOMM,NSE:TATACOMM-EQ,INE151A01013,TATA COMMUNICATIONS LTD,10100000003721,2026-08-27
TATACONSUM,NSE:TATACONSUM-EQ,INE192A01025,TATA CONSUMER PRODUCT LTD,10100000003432,2026-08-27
TATAELXSI,NSE:TATAELXSI-EQ,INE670A01012,TATA ELXSI LIMITED,10100000003411,2026-08-27
TATAINVEST,NSE:TATAINVEST-EQ,INE672A01026,TATA INVESTMENT CORP LTD,10100000001621,2026-08-27
TATAPOWER,NSE:TATAPOWER-EQ,INE245A01021,TATA POWER CO LTD,10100000003426,2026-08-27
TATASTEEL,NSE:TATASTEEL-EQ,INE081A01020,TATA STEEL LIMITED,10100000003499,2026-08-27
TATATECH,NSE:TATATECH-EQ,INE142M01025,TATA TECHNOLOGIES LIMITED,101000000020293,2026-08-27
TATVA,NSE:TATVA-EQ,INE0GK401011,TATVA CHIN PHARM CHEM LTD,10100000005162,2026-08-27
TBOTEK,NSE:TBOTEK-EQ,INE673O01025,TBO TEK LIMITED,101000000023740,2026-08-27
TBZ,NSE:TBZ-EQ,INE760L01018,TRIB BHIMJI ZAVERI LTD,101000000027037,2026-08-27
TCC,NSE:TCC-EQ,INE887D01016,TCC CONCEPT LIMITED,1010000000761814,2026-08-27
TCI,NSE:TCI-EQ,INE688A01022,TRANSPORT CORPN OF INDIA,101000000010580,2026-08-27
TCIEXP,NSE:TCIEXP-EQ,INE586V01016,TCI EXPRESS LIMITED,101000000019223,2026-08-27
TCPLPACK,NSE:TCPLPACK-EQ,INE822C01015,TCPL PACKAGING LIMITED,1010000000184,2026-08-27
TCS,NSE:TCS-EQ,INE467B01029,TATA CONSULTANCY SERV LT,101000000011536,2026-08-27
TDPOWERSYS,NSE:TDPOWERSYS-EQ,INE419M01035,TD POWER SYSTEMS LTD.,101000000025178,2026-08-27
TEAMGTY,NSE:TEAMGTY-EQ,INE289C01025,TEAM INDIA GUARANTY LTD,101000000010717,2026-08-27
TEAMLEASE,NSE:TEAMLEASE-EQ,INE985S01024,TEAMLEASE SERVICES LTD.,101000000012716,2026-08-27
TECHM,NSE:TECHM-EQ,INE669C01036,TECH MAHINDRA LIMITED,101000000013538,2026-08-27
TECHNOCRAF,NSE:TECHNOCRAF-EQ,INE1D0W01018,TECHNOCRAFT VENTURES LTD,1010000000764532,2026-08-27
TECHNOE,NSE:TECHNOE-EQ,INE285K01026,TECHNO ELEC & ENG CO. LTD,10100000006445,2026-08-27
TECHNVISN,NSE:TECHNVISN-EQ,INE314H01012,TECHNVISION VENTURES LTD.,1010000000762939,2026-08-27
TECILCHEM,NSE:TECILCHEM-EQ,INE014B01011,TECIL CHEMICALS,10100000003453,2026-08-27
TEGA,NSE:TEGA-EQ,INE011K01018,TEGA INDUSTRIES LIMITED,10100000007105,2026-08-27
TEJASNET,NSE:TEJASNET-EQ,INE010J01012,TEJAS NETWORKS LIMITED,101000000021131,2026-08-27
TEMBO,NSE:TEMBO-EQ,INE869Y01028,TEMBO GLOBAL IND LTD,10100000003275,2026-08-27
TEMPSENS,NSE:TEMPSENS-EQ,INE1KZI01025,TEMPSENS INST (INDIA) LTD,1010000000765426,2026-08-27
TENNIND,NSE:TENNIND-EQ,INE19RI01016,TENNECO CLEAN AIR INDIA L,1010000000759880,2026-08-27
TERAI,NSE:TERAI-EQ,INE390D01011,TERAI TEA CO. LTD.,1010000000764950,2026-08-27
TERASOFT,NSE:TERASOFT-EQ,INE482B01010,TERA SOFTWARE LIMITED,101000000019292,2026-08-27
TEXINFRA,NSE:TEXINFRA-EQ,INE435C01024,TEXMACO INFRA & HOLDG LTD,101000000011549,2026-08-27
TEXMOPIPES,NSE:TEXMOPIPES-EQ,INE141K01013,TEXMO PIPE & PRODUCTS LTD,101000000018214,2026-08-27
TEXRAIL,NSE:TEXRAIL-EQ,INE621L01012,TEXMACO RAIL & ENG. LTD.,101000000021828,2026-08-27
TFCILTD,NSE:TFCILTD-EQ,INE305A01023,TOURISM FINANCE CORP. OF,10100000003466,2026-08-27
TFL,NSE:TFL-EQ,INE804H01012,TRANSWARRANTY FIN. LTD.,101000000014319,2026-08-27
TGBHOTELS,NSE:TGBHOTELS-EQ,INE797H01018,TGB BANQUETS&HOTELS LTD,101000000014607,2026-08-27
TGVSL,NSE:TGVSL-EQ,INE284B01028,T G V SRAAC LTD.,1010000000764955,2026-08-27
THAKDEV,NSE:THAKDEV-EQ,INE403F01017,THAKKERS DEVELOPERS LTD.,1010000000762949,2026-08-27
THANGAMAYL,NSE:THANGAMAYL-EQ,INE085J01014,THANGAMAYIL JEWELLERY LTD,101000000018118,2026-08-27
THEINVEST,NSE:THEINVEST-EQ,INE924D01017,THE INVEST TRUST OF IND L,101000000021427,2026-08-27
THEJO,NSE:THEJO-EQ,INE121N01019,THEJO ENGINEERING LIMITED,101000000019279,2026-08-27
THELEELA,NSE:THELEELA-EQ,INE0AQ201015,LEELA PALACES HOTEL LTD,1010000000757014,2026-08-27
THEMISMED,NSE:THEMISMED-EQ,INE083B01024,THEMIS MEDICARE LTD.,101000000014485,2026-08-27
THERMAX,NSE:THERMAX-EQ,INE152A01029,THERMAX LTD,10100000003475,2026-08-27
THOMASCOOK,NSE:THOMASCOOK-EQ,INE332A01027,THOMAS COOK (INDIA) LTD,10100000003481,2026-08-27
THOMASCOTT,NSE:THOMASCOTT-EQ,INE480M01011,THOMAS SCOTT (INDIA) LTD,101000000031017,2026-08-27
THYROCARE,NSE:THYROCARE-EQ,INE594H01019,THYROCARE TECH LTD,101000000017032,2026-08-27
TI,NSE:TI-EQ,INE133E01013,TILAKNAGAR INDUSTRIES LTD,101000000019196,2026-08-27
TIGERLOGS,NSE:TIGERLOGS-EQ,INE906O01029,TIGER LOGISTICS (INDIA) L,1010000000759176,2026-08-27
TIIL,NSE:TIIL-EQ,INE545H01011,TECHNOCRAFT IND LTD,101000000014223,2026-08-27
TIINDIA,NSE:TIINDIA-EQ,INE974X01010,TUBE INVEST OF INDIA LTD,1010000000312,2026-08-27
TIJARIA,NSE:TIJARIA-EQ,INE440L01017,TIJARIA POLYPIPES LTD,101000000025482,2026-08-27
TIMETECHNO,NSE:TIMETECHNO-EQ,INE508G01029,TIME TECHNOPLAST LTD.,101000000014707,2026-08-27
TIMEX,NSE:TIMEX-EQ,INE064A01026,TIMEX GROUP INDIA LTD.,1010000000762954,2026-08-27
TIMKEN,NSE:TIMKEN-EQ,INE325A01013,TIMKEN INDIA LTD.,101000000014198,2026-08-27
TINNARUBR,NSE:TINNARUBR-EQ,INE015C01016,TINNA RUBBER AND INFR LTD,1010000000756020,2026-08-27
TIPSFILMS,NSE:TIPSFILMS-EQ,INE0LQS01015,TIPS FILMS LIMITED,101000000011374,2026-08-27
TIPSMUSIC,NSE:TIPSMUSIC-EQ,INE716B01029,TIPS MUSIC LIMITED,10100000009117,2026-08-27
TIRUMALCHM,NSE:TIRUMALCHM-EQ,INE338A01024,THIRUMALAI CHEMICALS LTD,10100000003496,2026-08-27
TITAGARH,NSE:TITAGARH-EQ,INE615H01020,TITAGARH RAIL SYSTEMS LTD,101000000015414,2026-08-27
TITAN,NSE:TITAN-EQ,INE280A01028,TITAN COMPANY LIMITED,10100000003506,2026-08-27
TMB,NSE:TMB-EQ,INE668A01016,TAMILNAD MERCA BANK LTD,101000000010945,2026-08-27
TMCV,NSE:TMCV-EQ,INE1TAE01010,TATA MOTORS LIMITED,1010000000759782,2026-08-27
TMPV,NSE:TMPV-EQ,INE155A01022,TATA MOTORS PASS VEH LTD,10100000003456,2026-08-27
TNPETRO,NSE:TNPETRO-EQ,INE148A01019,TAMILNADU PETROPRODUCTS L,10100000003509,2026-08-27
TNPL,NSE:TNPL-EQ,INE107A01015,TAMILNADU NEWSPRT & PAPER,10100000003980,2026-08-27
TNTELE,NSE:TNTELE-EQ,INE141D01018,TAMILNADU TELECOMMUNICATI,10100000003512,2026-08-27
TOKYOPLAST,NSE:TOKYOPLAST-EQ,INE932C01012,TOKYO PLAST INTL LTD,10100000003837,2026-08-27
TOLINS,NSE:TOLINS-EQ,INE0RWQ01014,TOLINS TYRES LIMITED,101000000025262,2026-08-27
TORNTPHARM,NSE:TORNTPHARM-EQ,INE685A01028,TORRENT PHARMACEUTICALS L,10100000003518,2026-08-27
TORNTPOWER,NSE:TORNTPOWER-EQ,INE813H01021,TORRENT POWER LTD,101000000013786,2026-08-27
TOTAL,NSE:TOTAL-EQ,INE336X01012,TOTAL TRANSPORT SYS LTD,101000000022423,2026-08-27
TOUCHWOOD,NSE:TOUCHWOOD-EQ,INE486Y01013,TOUCHWOOD ENTERTAIN LTD.,101000000016908,2026-08-27
TOYAMSL,NSE:TOYAMSL-EQ,INE457P01020,TOYAM SPORTS LTD.,1010000000765195,2026-08-27
TPLPLASTEH,NSE:TPLPLASTEH-EQ,INE413G01022,TPL PLASTECH LIMITED,10100000009219,2026-08-27
TRACXN,NSE:TRACXN-EQ,INE0HMF01019,TRACXN TECHNOLOGIES LTD,101000000011582,2026-08-27
TRANSCOR,NSE:TRANSCOR-EQ,INE330E01023,TRANSCORP INTERNATIONAL L,1010000000765200,2026-08-27
TRANSRAILL,NSE:TRANSRAILL-EQ,INE454P01035,TRANSRAIL LIGHTING LTD,101000000028714,2026-08-27
TRAVELFOOD,NSE:TRAVELFOOD-EQ,INE103V01028,TRAVEL FOOD SERVICES LTD,1010000000757545,2026-08-27
TREEHOUSE,NSE:TREEHOUSE-EQ,INE040M01013,TREE HOUSE EDU LTD,101000000025082,2026-08-27
TREJHARA,NSE:TREJHARA-EQ,INE00CA01015,TREJHARA SOLUTIONS LTD,10100000007518,2026-08-27
TREL,NSE:TREL-EQ,INE0O3901029,TRANSINDIA REAL ESTATE L,101000000017795,2026-08-27
TRENT,NSE:TRENT-EQ,INE849A01020,TRENT LTD,10100000001964,2026-08-27
TRF,NSE:TRF-EQ,INE391D01019,TRF LIMITED,101000000017987,2026-08-27
TRIDENT,NSE:TRIDENT-EQ,INE064C01022,TRIDENT LIMITED,10100000009685,2026-08-27
TRIGYN,NSE:TRIGYN-EQ,INE948A01012,TRIGYN TECHNOLOGIES LTD,10100000005428,2026-08-27
TRITONV,NSE:TRITONV-EQ,INE440G01017,TRITON VALVES LTD.,1010000000764960,2026-08-27
TRITURBINE,NSE:TRITURBINE-EQ,INE152M01016,TRIVENI TURBINE LIMITED,101000000025584,2026-08-27
TRIVENI,NSE:TRIVENI-EQ,INE256C01024,TRIVENI ENGG. & INDS. LTD,101000000013081,2026-08-27
TRU,NSE:TRU-EQ,INE615R01029,TRUCAP FINANCE LIMITED,10100000009378,2026-08-27
TRUALT,NSE:TRUALT-EQ,INE0MWH01014,TRUALT BIOENERGY LIMITED,1010000000759210,2026-08-27
TSFINV,NSE:TSFINV-EQ,INE202Z01029,TSF INVESTMENTS LIMITED,10100000002183,2026-08-27
TTKHLTCARE,NSE:TTKHLTCARE-EQ,INE910C01018,TTK HEALTHCARE LIMITED,101000000011369,2026-08-27
TTKPRESTIG,NSE:TTKPRESTIG-EQ,INE690A01028,TTK PRESTIGE LTD,10100000003546,2026-08-27
TTL,NSE:TTL-EQ,INE592B01024,T T LIMITED,101000000014314,2026-08-27
TTML,NSE:TTML-EQ,INE517B01013,TATA TELESERV(MAHARASTRA),10100000008954,2026-08-27
TURTLEMINT,NSE:TURTLEMINT-EQ,INE0OC301013,TURTLEMINT FINTECH SOLS L,1010000000756090,2026-08-27
TUTIALKA,NSE:TUTIALKA-EQ,INE400A01014,TUTICORIN ALKAL CH & FE L,1010000000765205,2026-08-27
TVSELECT,NSE:TVSELECT-EQ,INE236G01019,TVS ELECTRONICS LTD,101000000011265,2026-08-27
TVSHLTD,NSE:TVSHLTD-EQ,INE105A01035,TVS HOLDINGS LIMITED,101000000029008,2026-08-27
TVSMOTOR,NSE:TVSMOTOR-EQ,INE494B01023,TVS MOTOR COMPANY  LTD,10100000008479,2026-08-27
TVSSCS,NSE:TVSSCS-EQ,INE395N01027,TVS SUPPLY CHAIN SOL L,101000000018151,2026-08-27
TVSSRICHAK,NSE:TVSSRICHAK-EQ,INE421C01016,TVS SRICHAKRA LIMITED,101000000014245,2026-08-27
TVTODAY,NSE:TVTODAY-EQ,INE038F01029,TV TODAY NETWORK LTD,101000000011275,2026-08-27
UBL,NSE:UBL-EQ,INE686F01025,UNITED BREWERIES LTD,101000000016713,2026-08-27
UCOBANK,NSE:UCOBANK-EQ,INE691A01018,UCO BANK,101000000011223,2026-08-27
UDAYJEW,NSE:UDAYJEW-EQ,INE551B01012,UDAY JEWELLERY INDS. LTD.,1010000000764965,2026-08-27
UDS,NSE:UDS-EQ,INE851I01011,UPDATER SERVICES LIMITED,101000000019113,2026-08-27
UEL,NSE:UEL-EQ,INE899L01030,UJAAS ENERGY LIMITED,101000000023507,2026-08-27
UFLEX,NSE:UFLEX-EQ,INE516A01017,UFLEX LIMITED,10100000001053,2026-08-27
UFO,NSE:UFO-EQ,INE527H01019,UFO MOVIEZ INDIA LTD.,10100000009039,2026-08-27
UGARSUGAR,NSE:UGARSUGAR-EQ,INE071E01023,THE UGAR SUGAR WORKS LTD,101000000019578,2026-08-27
UGROCAP,NSE:UGROCAP-EQ,INE583D01011,UGRO CAPITAL LIMITED,10100000005313,2026-08-27
UJJIVANSFB,NSE:UJJIVANSFB-EQ,INE551W01018,UJJIVAN SMALL FINANC BANK,101000000015228,2026-08-27
ULTRACEMCO,NSE:ULTRACEMCO-EQ,INE481G01011,ULTRATECH CEMENT LIMITED,101000000011532,2026-08-27
ULTRAMAR,NSE:ULTRAMAR-EQ,INE405A01021,ULTRAMARINE & PIGMENTS L,1010000000762961,2026-08-27
UMESLTD,NSE:UMESLTD-EQ,INE240C01028,USHA MARTIN EDU & SOL LTD,101000000019142,2026-08-27
UMIYA-MRO,NSE:UMIYA-MRO-EQ,INE398B01018,UMIYA BUILDCON LIMITED,10100000008998,2026-08-27
UNICHEMLAB,NSE:UNICHEMLAB-EQ,INE351A01035,UNICHEM LABORATORIES LTD,10100000003579,2026-08-27
UNIECOM,NSE:UNIECOM-EQ,INE00U401027,UNICOMMERCE ESOLUTIONS L,101000000024809,2026-08-27
UNIENTER,NSE:UNIENTER-EQ,INE037A01022,UNIPHOS ENTERPRISES LTD,101000000011293,2026-08-27
UNIINFO,NSE:UNIINFO-EQ,INE481Z01011,UNIINFO TELECOM SERVI LTD,10100000007791,2026-08-27
UNIMECH,NSE:UNIMECH-EQ,INE0U3I01011,UNIMECH AEROSPACE N MFG L,101000000028960,2026-08-27
UNIONBANK,NSE:UNIONBANK-EQ,INE692A01016,UNION BANK OF INDIA,101000000010753,2026-08-27
UNIPARTS,NSE:UNIPARTS-EQ,INE244O01017,UNIPARTS INDIA LIMITED,101000000013057,2026-08-27
UNITDSPR,NSE:UNITDSPR-EQ,INE854D01024,UNITED SPIRITS LIMITED,101000000010447,2026-08-27
UNITECH,NSE:UNITECH-EQ,INE694A01020,UNITECH LTD,10100000003594,2026-08-27
UNITEDPOLY,NSE:UNITEDPOLY-EQ,INE368U01029,UNITED POLYFAB GUJ. LTD.,10100000007560,2026-08-27
UNITEDTEA,NSE:UNITEDTEA-EQ,INE458F01011,UNITED NILGIRI TEA LTD,101000000017999,2026-08-27
UNIVCABLES,NSE:UNIVCABLES-EQ,INE279A01012,UNIVERSAL CABLES LTD,10100000003607,2026-08-27
UNOMINDA,NSE:UNOMINDA-EQ,INE405E01023,UNO MINDA LIMITED,101000000014154,2026-08-27
UPHOT,NSE:UPHOT-EQ,INE726E01014,U P HOTELS LTD.,1010000000764970,2026-08-27
UPL,NSE:UPL-EQ,INE628A01036,UPL LIMITED,101000000011287,2026-08-27
URBANCO,NSE:URBANCO-EQ,INE0CAZ01013,URBAN COMPANY LIMITED,1010000000759084,2026-08-27
URJA,NSE:URJA-EQ,INE550C01020,URJA GLOBAL LIMITED,101000000020203,2026-08-27
USHAMART,NSE:USHAMART-EQ,INE228A01035,USHA MARTIN LTD.,10100000008840,2026-08-27
USK,NSE:USK-EQ,INE0N0Y01013,UDAYSHIVAKUMAR INFRA LTD,101000000014871,2026-08-27
UTIAMC,NSE:UTIAMC-EQ,INE094J01016,UTI ASSET MNGMT CO LTD,1010000000527,2026-08-27
UTKARSHBNK,NSE:UTKARSHBNK-EQ,INE735W01017,UTKARSH SMALL FIN BANK L,101000000017358,2026-08-27
UTLSOLAR,NSE:UTLSOLAR-EQ,INE12UR01024,FUJIYAMA POWER SYSTEMS L,1010000000759876,2026-08-27
UTTAMSUGAR,NSE:UTTAMSUGAR-EQ,INE786F01031,UTTAM SUGAR MILLS LTD.,101000000013376,2026-08-27
V2RETAIL,NSE:V2RETAIL-EQ,INE945H01021,V2 RETAIL LIMITED,101000000014766,2026-08-27
VADILALIND,NSE:VADILALIND-EQ,INE694D01016,VADILAL INDUSTRIES LTD,101000000024196,2026-08-27
VADILENT,NSE:VADILENT-EQ,INE693D01018,VADILAL ENTERPRISES LTD.,1010000000764975,2026-08-27
VAIBHAVGBL,NSE:VAIBHAVGBL-EQ,INE884A01027,VAIBHAV GLOBAL LIMITED,101000000011364,2026-08-27
VAISHALI,NSE:VAISHALI-EQ,INE972X01022,VAISHALI PHARMA LIMITED,101000000016589,2026-08-27
VAKRANGEE,NSE:VAKRANGEE-EQ,INE051B01021,VAKRANGEE LIMITED,101000000013342,2026-08-27
VAML,NSE:VAML-EQ,INE1CDF01017,VEDANTA ALUMINIUM METAL L,1010000000750174,2026-08-27
VARDMNPOLY,NSE:VARDMNPOLY-EQ,INE835A01029,VARDHMAN POLYTEX LTD.,10100000003646,2026-08-27
VARROC,NSE:VARROC-EQ,INE665L01035,VARROC ENGINEERING LTD.,10100000003857,2026-08-27
VASCONEQ,NSE:VASCONEQ-EQ,INE893I01013,VASCON ENGINEERS LTD,101000000018110,2026-08-27
VASUPRADA,NSE:VASUPRADA-EQ,INE574G01013,SHRI VASUPRADA PLANTATI L,1010000000765210,2026-08-27
VASWANI,NSE:VASWANI-EQ,INE590L01019,VASWANI IND LTD,101000000025340,2026-08-27
VBL,NSE:VBL-EQ,INE200M01039,VARUN BEVERAGES LIMITED,101000000018921,2026-08-27
VEDAVAAG,NSE:VEDAVAAG-EQ,INE359B01010,VEDAVAAG SYSTEMS LTD.,1010000000764980,2026-08-27
VEDL,NSE:VEDL-EQ,INE205A01025,VEDANTA LIMITED,10100000003063,2026-08-27
VEDPOWER,NSE:VEDPOWER-EQ,INE694L01019,VEDANTA POWER LIMITED,1010000000750518,2026-08-27
VEEDOL,NSE:VEEDOL-EQ,INE484C01030,VEEDOL CORPORATION LTD,101000000014019,2026-08-27
VENKEYS,NSE:VENKEYS-EQ,INE398A01010,VENKY S (INDIA) LIMITED,10100000003757,2026-08-27
VENTIVE,NSE:VENTIVE-EQ,INE781S01027,VENTIVE HOSPITALITY LTD,101000000028847,2026-08-27
VENUSPIPES,NSE:VENUSPIPES-EQ,INE0JA001018,VENUS PIPES & TUBES LTD,10100000009592,2026-08-27
VERANDA,NSE:VERANDA-EQ,INE0IQ001011,VERANDA LEARNING SOL LTD,10100000008890,2026-08-27
VESUVIUS,NSE:VESUVIUS-EQ,INE386A01023,VESUVIUS INDIA LTD,10100000003676,2026-08-27
VGCL,NSE:VGCL-EQ,INE761Q01015,VIBRANT GLOBAL CAPITAL L,1010000000765252,2026-08-27
VGL,NSE:VGL-EQ,INE273D01027,VARVEE GLOBAL LIMITED,101000000013771,2026-08-27
VGUARD,NSE:VGUARD-EQ,INE951I01027,V-GUARD IND LTD.,101000000015362,2026-08-27
VHL,NSE:VHL-EQ,INE701A01023,VARDHMAN HOLDINGS LIMITED,101000000011892,2026-08-27
VIDHIING,NSE:VIDHIING-EQ,INE632C01026,VIDHI SPCLTY F INGRDNTS L,101000000013536,2026-08-27
VIDYAWIRES,NSE:VIDYAWIRES-EQ,INE14UN01029,VIDYA WIRES LIMITED,1010000000760224,2026-08-27
VIJAYA,NSE:VIJAYA-EQ,INE043W01024,VIJAYA DIAGNOSTIC CEN LTD,10100000005585,2026-08-27
VIJSOLX,NSE:VIJSOLX-EQ,INE362D01010,VIJAY SOLVEX LTD.,1010000000764985,2026-08-27
VIKASECO,NSE:VIKASECO-EQ,INE806A01020,VIKAS ECOTECH LIMITED,101000000025756,2026-08-27
VIKASLIFE,NSE:VIKASLIFE-EQ,INE161L01027,VIKAS LIFECARE LIMITED,10100000009931,2026-08-27
VIKRAMSOLR,NSE:VIKRAMSOLR-EQ,INE078V01014,VIKRAM SOLAR LIMITED,1010000000759453,2026-08-27
VIKRAN,NSE:VIKRAN-EQ,INE01R501028,VIKRAN ENGINEERING LTD,1010000000758973,2026-08-27
VIMTALABS,NSE:VIMTALABS-EQ,INE579C01029,VIMTA LABS LIMITED,101000000013101,2026-08-27
VINATIORGA,NSE:VINATIORGA-EQ,INE410B01037,VINATI ORGANICS LTD,101000000017364,2026-08-27
VINCOFE,NSE:VINCOFE-EQ,INE498Q01014,VINTAGE COFFEE N BVRGS L,101000000025835,2026-08-27
VINDHYATEL,NSE:VINDHYATEL-EQ,INE707A01012,VINDHYA TELELINKS LTD,10100000003694,2026-08-27
VINEETLAB,NSE:VINEETLAB-EQ,INE505Y01010,VINEET LABORATORIES LTD,10100000003807,2026-08-27
VINNY,NSE:VINNY-EQ,INE01KI01027,VINNY OVERSEAS LIMITED,101000000012490,2026-08-27
VINYLINDIA,NSE:VINYLINDIA-EQ,INE250B01029,VINYL CHEMICALS (I) LTD.,101000000016821,2026-08-27
VIPCLOTHNG,NSE:VIPCLOTHNG-EQ,INE450G01024,VIP CLOTHING LIMITED,101000000014843,2026-08-27
VIPIND,NSE:VIPIND-EQ,INE054A01027,VIP INDUSTRIES LTD,10100000003703,2026-08-27
VIRAT,NSE:VIRAT-EQ,INE467D01017,VIRAT INDUSTRIES LTD.,1010000000764990,2026-08-27
VIRINCHI,NSE:VIRINCHI-EQ,INE539B01017,VIRINCHI LIMITED,101000000015295,2026-08-27
VIRTUALG,NSE:VIRTUALG-EQ,INE247C01023,VIRTUAL GLOBAL EDU LTD,1010000000765215,2026-08-27
VISACHROME,NSE:VISACHROME-EQ,INE286H01012,VISA CHROME LIMITED,101000000013295,2026-08-27
VISAKAIND,NSE:VISAKAIND-EQ,INE392A01021,VISAKA INDUSTRIES LIMITED,10100000004221,2026-08-27
VISHAL,NSE:VISHAL-EQ,INE755Q01025,VISHAL FABRICS LTD.,101000000011773,2026-08-27
VISHNU,NSE:VISHNU-EQ,INE270I01022,VISHNU CHEMICALS LIMITED,10100000006908,2026-08-27
VISHWARAJ,NSE:VISHWARAJ-EQ,INE430N01022,VISHWARAJ SUGAR IND LTD,101000000013702,2026-08-27
VISL,NSE:VISL-EQ,INE1CLE01013,VEDANTA IRON AND STEEL L,1010000000750290,2026-08-27
VIVIDHA,NSE:VIVIDHA-EQ,INE370E01029,VISAGAR POLYTEX LTD,101000000029877,2026-08-27
VIVOBIOT,NSE:VIVOBIOT-EQ,INE380K01017,VIVO BIO TECH LTD.,1010000000764995,2026-08-27
VIYASH,NSE:VIYASH-EQ,INE807F01027,VIYASH SCIENTIFIC LIMITED,101000000014296,2026-08-27
VLSFINANCE,NSE:VLSFINANCE-EQ,INE709A01018,VLS FINANCE LTD,10100000003715,2026-08-27
VMART,NSE:VMART-EQ,INE665J01013,VMART RETAIL LTD,101000000029284,2026-08-27
VMM,NSE:VMM-EQ,INE01EA01019,VISHAL MEGA MART LIMITED,101000000027969,2026-08-27
VMSTMT,NSE:VMSTMT-EQ,INE0SJA01013,VMS TMT LIMITED,1010000000759152,2026-08-27
VOEPL,NSE:VOEPL-EQ,INE0I0T01010,VIRTUOSO OPTOELECTRONIC L,1010000000761916,2026-08-27
VOGL,NSE:VOGL-EQ,INE704J01044,VEDANTA OIL AND GAS LTD,1010000000750368,2026-08-27
VOITHPAPR,NSE:VOITHPAPR-EQ,INE285C01015,VOITH PAPER FABRICS IND L,1010000000765000,2026-08-27
VOLTAMP,NSE:VOLTAMP-EQ,INE540H01012,VOLTAMP TRANSFORMERS LTD,101000000013577,2026-08-27
VOLTAS,NSE:VOLTAS-EQ,INE226A01021,VOLTAS LTD,10100000003718,2026-08-27
VPRPL,NSE:VPRPL-EQ,INE0AE001013,VISHNU PRAKASH R PUNGLI L,101000000018341,2026-08-27
VRAJ,NSE:VRAJ-EQ,INE0S2V01010,VRAJ IRON AND STEEL LTD,101000000024321,2026-08-27
VRLLOG,NSE:VRLLOG-EQ,INE366I01010,VRL LOGISTICS LIMITED,10100000008696,2026-08-27
VSSL,NSE:VSSL-EQ,INE050M01012,VARDHMAN SPC STEEL LTD,101000000027067,2026-08-27
VSTIND,NSE:VSTIND-EQ,INE710A01016,VST INDUSTRIES LTD,10100000003724,2026-08-27
VSTL,NSE:VSTL-EQ,INE0QTF01015,VIBHOR STEEL TUBES LTD,101000000022730,2026-08-27
VSTTILLERS,NSE:VSTTILLERS-EQ,INE764D01017,VST TILLERS TRACTORS LTD,101000000024292,2026-08-27
VTL,NSE:VTL-EQ,INE825A01020,VARDHMAN TEXTILES LIMITED,10100000002073,2026-08-27
VTMLTD,NSE:VTMLTD-EQ,INE222F01029,V T M LTD.,1010000000765220,2026-08-27
WAAREEENER,NSE:WAAREEENER-EQ,INE377N01017,WAAREE ENERGIES LIMITED,101000000025907,2026-08-27
WAAREEINDO,NSE:WAAREEINDO-EQ,INE866K01023,INDOSOLAR LIMITED,101000000019955,2026-08-27
WAAREERTL,NSE:WAAREERTL-EQ,INE299N01021,WAAREE RENEWABLE TECH LTD,1010000000756038,2026-08-27
WABAG,NSE:WABAG-EQ,INE956G01038,VA TECH WABAG LTD,101000000020188,2026-08-27
WAKEFIT,NSE:WAKEFIT-EQ,INE0E7301029,WAKEFIT INNOVATIONS LTD,1010000000760259,2026-08-27
WALCHANNAG,NSE:WALCHANNAG-EQ,INE711A01022,WALCHANDNAGAR INDUSTRIES,10100000003736,2026-08-27
WANBURY,NSE:WANBURY-EQ,INE107F01022,WANBURY LIMITED,101000000014063,2026-08-27
WARDINMOBI,NSE:WARDINMOBI-EQ,INE945P01024,WARDWIZARD INNO & MOB L,1010000000765225,2026-08-27
WATERBASE,NSE:WATERBASE-EQ,INE054C01015,WATERBASE LTD.,10100000003745,2026-08-27
WCIL,NSE:WCIL-EQ,INE0CJF01024,WESTERN CARRIERS (IND) L,101000000025403,2026-08-27
WEALTH,NSE:WEALTH-EQ,INE658T01017,WEALTH FRST PORT. MG. LTD,10100000001923,2026-08-27
WEBELSOLAR,NSE:WEBELSOLAR-EQ,INE855C01023,WEBSOL ENERGY SYSTEM LTD,101000000014602,2026-08-27
WEIZMANIND,NSE:WEIZMANIND-EQ,INE080A01014,WEIZMANN LTD,10100000003748,2026-08-27
WEL,NSE:WEL-EQ,INE02WG01024,WONDER ELECTRICALS LTD,10100000007835,2026-08-27
WELCORP,NSE:WELCORP-EQ,INE191B01025,WELSPUN CORP LIMITED,101000000011821,2026-08-27
WELENT,NSE:WELENT-EQ,INE625G01013,WELSPUN ENTERPRISES LTD.,101000000011626,2026-08-27
WELSPLSOL,NSE:WELSPLSOL-EQ,INE731F01037,WELSPUN SPECIALTY SOL L,1010000000762971,2026-08-27
WELSPUNLIV,NSE:WELSPUNLIV-EQ,INE192B01031,WELSPUN LIVING LIMITED,101000000011253,2026-08-27
WENDT,NSE:WENDT-EQ,INE274C01019,WENDT (INDIA) LIMITED,10100000004235,2026-08-27
WESTLIFE,NSE:WESTLIFE-EQ,INE274F01020,WESTLIFE FOODWORLD LTD,101000000011580,2026-08-27
WEWIN,NSE:WEWIN-EQ,INE082W01014,WE WIN LIMITED,10100000009862,2026-08-27
WEWORK,NSE:WEWORK-EQ,INE085001019,WEWORK INDIA MANAGEMENT L,1010000000759434,2026-08-27
WHBRADY,NSE:WHBRADY-EQ,INE855A01019,W H BRADY & CO. LTD.,1010000000765005,2026-08-27
WHEELS,NSE:WHEELS-EQ,INE715A01015,WHEELS INDIA LTD,10100000003766,2026-08-27
WHIRLPOOL,NSE:WHIRLPOOL-EQ,INE716A01013,WHIRLPOOL OF INDIA LTD,101000000018011,2026-08-27
WILLAMAGOR,NSE:WILLAMAGOR-EQ,INE210A01017,WILLIAMSON MAGOR,10100000003772,2026-08-27
WINDLAS,NSE:WINDLAS-EQ,INE0H5O01029,WINDLAS BIOTECH LIMITED,10100000005366,2026-08-27
WINDMACHIN,NSE:WINDMACHIN-EQ,INE052A01021,WINDSOR MACHINES LIMITED,101000000024969,2026-08-27
WIPL,NSE:WIPL-EQ,INE215F01023,THE WESTERN INDIA PLY LTD,101000000020481,2026-08-27
WIPRO,NSE:WIPRO-EQ,INE075A01022,WIPRO LTD,10100000003787,2026-08-27
WOCKPHARMA,NSE:WOCKPHARMA-EQ,INE049B01025,WOCKHARDT LIMITED,10100000007506,2026-08-27
WONDERLA,NSE:WONDERLA-EQ,INE066O01014,WONDERLA HOLIDAYS LTD.,10100000003002,2026-08-27
WORTHPERI,NSE:WORTHPERI-EQ,INE196Y01018,WORTH PERIPHERALS LIMITED,101000000022277,2026-08-27
WPIL,NSE:WPIL-EQ,INE765D01022,W P I L LTD.,1010000000762978,2026-08-27
WSI,NSE:WSI-EQ,INE100D01014,W.S.INDUSTRIES (I) LTD.,101000000014828,2026-08-27
WSTCSTPAPR,NSE:WSTCSTPAPR-EQ,INE976A01021,WEST COAST PAPER MILLS LT,10100000003799,2026-08-27
XCHANGING,NSE:XCHANGING-EQ,INE692G01013,XCHANGING SOLUTIONS LTD,101000000011705,2026-08-27
XELPMOC,NSE:XELPMOC-EQ,INE01P501012,XELPMOC DESIGN & TECH LTD,10100000008477,2026-08-27
XPROINDIA,NSE:XPROINDIA-EQ,INE445C01015,XPRO INDIA LIMITED,101000000011407,2026-08-27
XTGLOBAL,NSE:XTGLOBAL-EQ,INE547B01028,XTGLOBAL INFOTECH LIMITED,101000000025235,2026-08-27
XTRANET,NSE:XTRANET-EQ,INE0NG701011,XTRANET TECHNOLOGIES LTD,1010000000764312,2026-08-27
YASHO,NSE:YASHO-EQ,INE616Z01012,YASHO INDUSTRIES LIMITED,101000000018131,2026-08-27
YATHARTH,NSE:YATHARTH-EQ,INE0JO301016,YATHARTH HOSP & TRA C S L,101000000017738,2026-08-27
YATRA,NSE:YATRA-EQ,INE0JR601024,YATRA ONLINE LIMITED,101000000018760,2026-08-27
YESBANK,NSE:YESBANK-EQ,INE528G01035,YES BANK LIMITED,101000000011915,2026-08-27
YOGI,NSE:YOGI-EQ,INE290E01011,YOGI LTD.,1010000000765010,2026-08-27
YUKEN,NSE:YUKEN-EQ,INE384C01016,YUKEN INDIA LIMITED,10100000005501,2026-08-27
ZAGGLE,NSE:ZAGGLE-EQ,INE07K301024,ZAGGLE PREPA OCEAN SER L,101000000018608,2026-08-27
ZEEL,NSE:ZEEL-EQ,INE256A01028,ZEE ENTERTAINMENT ENT LTD,10100000003812,2026-08-27
ZEEMEDIA,NSE:ZEEMEDIA-EQ,INE966H01019,ZEE MEDIA CORPORATION LTD,101000000014003,2026-08-27
ZENITHEXPO,NSE:ZENITHEXPO-EQ,INE058B01018,ZENITH EXPORTS LTD,10100000004176,2026-08-27
ZENITHSTL,NSE:ZENITHSTL-EQ,INE318D01020,ZENITH STEEL PIP IND LTD,101000000014562,2026-08-27
ZENSARTECH,NSE:ZENSARTECH-EQ,INE520A01027,ZENSAR TECHNOLOGIES  LTD,10100000001076,2026-08-27
ZENTEC,NSE:ZENTEC-EQ,INE251B01027,ZEN TECHNOLOGIES LIMITED,10100000007508,2026-08-27
ZFCVINDIA,NSE:ZFCVINDIA-EQ,INE342J01019,ZF COM VE CTR SYS IND LTD,101000000016915,2026-08-27
ZFSTEERING,NSE:ZFSTEERING-EQ,INE116C01012,Z F STEERING GEAR (I) LTD,10100000004229,2026-08-27
ZIMLAB,NSE:ZIMLAB-EQ,INE518E01015,ZIM LABORATORIES LIMITED,101000000012384,2026-08-27
ZODIAC,NSE:ZODIAC-EQ,INE761Y01019,ZODIAC ENERGY LIMITED,10100000007129,2026-08-27
ZODIACLOTH,NSE:ZODIACLOTH-EQ,INE206B01013,ZODIAC CLOTHING CO. LTD.,10100000003821,2026-08-27
ZOTA,NSE:ZOTA-EQ,INE358U01012,ZOTA HEALTH CARE LIMITED,101000000011394,2026-08-27
ZSARACOM,NSE:ZSARACOM-EQ,INE967G01019,SARASWATI COMM (INDIA) L,1010000000762985,2026-08-27
ZUARI,NSE:ZUARI-EQ,INE840M01016,ZUARI AGRO CHEMICALS LTD,101000000029050,2026-08-27
ZUARIIND,NSE:ZUARIIND-EQ,INE217A01012,ZUARI INDUSTRIES LIMITED,10100000003827,2026-08-27
ZYDUSLIFE,NSE:ZYDUSLIFE-EQ,INE010B01027,ZYDUS LIFESCIENCES LTD,10100000007929,2026-08-27
ZYDUSWELL,NSE:ZYDUSWELL-EQ,INE768C01028,ZYDUS WELLNESS LIMITED,101000000017635,2026-08-27
